tick,wind,sun,s1,s3,s4,s5,s6,s7,s8,s9,sA,sB,sC,sD,sE,sF,sG,sH,sI,sJ,sK,sL,sM,sN,sO,sP,a1,a2,a3,a4,a5,a6,a7,a8,a9,aA,aB,aC,aD,aE,aF,aG
0,-0.2611678670598525,-0.12330687639221882,0.0,0.0,0.0,0.0,0.0,0.0,0.0,0.0,0.0,0.0,0.0,0.0,0.0,0.0,0.0,0.0,0.0,0.0,0.0,0.0,0.0,0.0,0.0,0.0,0.0,0.0,0.0,0.0,0.0,0.0,0.0,0.0,0.0,0.0,0.0,0.0,0.0,0.0,0.0,0.0
1,-3.853067335608007e-2,0.4178824282389577,0.0,0.0,0.0,0.0,0.0,0.0,0.0,0.0,0.0,0.0,0.0,0.0,0.0,0.0,0.0,0.0,0.0,0.0,0.0,0.0,0.0,0.0,0.0,0.0,0.0,0.0,0.0,0.0,0.0,0.0,0.0,0.0,0.0,0.0,0.0,0.0,0.0,0.0,0.0,0.0
2,-0.2460425582885033,0.465649609571535,0.0,0.0,0.0,0.0,0.0,0.0,0.0,0.0,0.0,0.0,0.0,0.0,0.0,0.0,0.0,0.0,0.0,0.0,0.0,0.0,0.0,0.0,0.0,0.0,0.0,0.0,0.0,0.0,0.0,0.0,0.0,0.0,0.0,0.0,0.0,0.0,0.0,0.0,0.0,0.0
3,-0.38539025302164454,0.1215867491261472,0.0,0.0,0.0,0.0,0.0,0.0,0.0,0.0,0.0,0.0,0.0,0.0,0.0,0.0,0.0,0.0,0.0,0.0,0.0,0.0,0.0,0.0,0.0,0.0,0.0,0.0,0.0,0.0,0.0,0.0,0.0,0.0,0.0,0.0,0.0,0.0,0.0,0.0,0.0,0.0
4,-0.1502535577046195,0.379231920244829,0.0,0.0,0.0,0.0,0.0,0.0,0.0,0.0,0.0,0.0,0.0,0.0,0.0,0.0,0.0,0.0,0.0,0.0,0.0,0.0,0.0,0.0,0.0,0.0,0.0,0.0,0.0,0.0,0.0,0.0,0.0,0.0,0.0,0.0,0.0,0.0,0.0,0.0,0.0,0.0
5,1.0919389305746217,0.1251722072224477,0.0,0.0,0.0,0.0,0.0,0.0,0.0,0.0,0.0,0.0,0.0,0.0,0.0,0.0,0.0,0.0,0.0,0.0,0.0,0.0,0.0,0.0,0.0,0.0,0.0,0.0,0.0,0.0,0.0,0.0,0.0,0.0,0.0,0.0,0.0,0.0,0.0,0.0,0.0,0.0
6,1.2957523645212126,0.3993317425619465,0.0,0.0,0.0,0.0,0.0,0.0,0.0,0.0,0.0,0.0,0.0,0.0,0.0,0.0,0.0,0.0,0.0,0.0,0.0,0.0,0.0,0.0,0.0,0.0,0.0,0.0,0.0,0.0,0.0,0.0,0.0,0.0,0.0,0.0,0.0,0.0,0.0,0.0,0.0,0.0
7,1.2880483867916575,-0.41421065429236537,0.0,0.0,0.0,0.0,0.0,0.0,0.0,0.0,0.0,0.0,0.0,0.0,0.0,0.0,0.0,0.0,0.0,0.0,0.0,0.0,0.0,0.0,0.0,0.0,0.0,0.0,0.0,0.0,0.0,0.0,0.0,0.0,0.0,0.0,0.0,0.0,0.0,0.0,0.0,0.0
8,0.6237939609707986,0.15418707575561108,0.0,0.0,0.0,0.0,0.0,0.0,0.0,0.0,0.0,0.0,0.0,0.0,0.0,0.0,0.0,0.0,0.0,0.0,0.0,0.0,0.0,0.0,0.0,0.0,0.0,0.0,0.0,0.0,0.0,0.0,0.0,0.0,0.0,0.0,0.0,0.0,0.0,0.0,0.0,0.0
9,0.8815578462406862,0.2676710185515695,0.0,0.0,0.0,0.0,0.0,0.0,0.0,0.0,0.0,0.0,0.0,0.0,0.0,0.0,0.0,0.0,0.0,0.0,0.0,0.0,0.0,0.0,0.0,0.0,0.0,0.0,0.0,0.0,0.0,0.0,0.0,0.0,0.0,0.0,0.0,0.0,0.0,0.0,0.0,0.0
10,0.49706791632672154,-0.4967132957414703,0.0,0.0,0.0,0.0,0.0,0.0,0.0,0.0,0.0,0.0,0.0,0.0,0.0,0.0,0.0,0.0,0.0,0.0,0.0,0.0,0.0,0.0,0.0,0.0,0.0,0.0,0.0,0.0,0.0,0.0,0.0,0.0,0.0,0.0,0.0,0.0,0.0,0.0,0.0,0.0
11,0.9072782556945125,-0.30233133215994556,0.0,0.0,0.0,0.0,0.0,0.0,0.0,0.0,0.0,0.0,0.0,0.0,0.0,0.0,0.0,0.0,0.0,0.0,0.0,0.0,0.0,0.0,0.0,0.0,0.0,0.0,0.0,0.0,0.0,0.0,0.0,0.0,0.0,0.0,0.0,0.0,0.0,0.0,0.0,0.0
12,1.671152019414436,1.2182562398207848,0.0,0.0,0.0,0.0,0.0,0.0,0.0,0.0,0.0,0.0,0.0,0.0,0.0,0.0,0.0,0.0,0.0,0.0,0.0,0.0,0.0,0.0,0.0,0.0,0.0,0.0,0.0,0.0,0.0,0.0,0.0,0.0,0.0,0.0,0.0,0.0,0.0,0.0,0.0,0.0
13,1.6297959434239977,1.587721359276869,0.0,0.0,0.0,0.0,0.0,0.0,0.0,0.0,0.0,0.0,0.0,0.0,0.0,0.0,0.0,0.0,0.0,0.0,0.0,0.0,0.0,0.0,0.0,0.0,0.0,0.0,0.0,0.0,0.0,0.0,0.0,0.0,0.0,0.0,0.0,0.0,0.0,0.0,0.0,0.0
14,2.465526376693232,1.7689631779813613,0.0,0.0,0.0,0.0,0.0,0.0,0.0,0.0,0.0,0.0,0.0,0.0,0.0,0.0,0.0,0.0,0.0,0.0,0.0,0.0,0.0,0.0,0.0,0.0,0.0,0.0,0.0,0.0,0.0,0.0,0.0,0.0,0.0,0.0,0.0,0.0,0.0,0.0,0.0,0.0
15,3.317182944010777,3.1650557484919353,0.0,0.0,0.0,0.0,0.0,0.0,0.0,0.0,0.0,0.0,0.0,0.0,0.0,0.0,0.0,0.0,0.0,0.0,0.0,0.0,0.0,0.0,0.0,0.0,0.0,0.0,0.0,0.0,0.0,0.0,0.0,0.0,0.0,0.0,0.0,0.0,0.0,0.0,0.0,0.0
16,4.21428873043882,3.0746645849247702,0.0,0.0,0.0,0.0,0.0,0.0,0.0,0.0,0.0,0.0,0.0,0.0,0.0,0.0,0.0,0.0,0.0,0.0,0.0,0.0,0.0,0.0,0.0,0.0,0.0,0.0,0.0,0.0,0.0,0.0,0.0,0.0,0.0,0.0,0.0,0.0,0.0,0.0,0.0,0.0
17,3.3505424799511285,3.64024933425729,0.0,0.0,0.0,0.0,0.0,0.0,0.0,0.0,0.0,0.0,0.0,0.0,0.0,0.0,0.0,0.0,0.0,0.0,0.0,0.0,0.0,0.0,0.0,0.0,1.3969838619232178e-5,3.3113691541883687e-5,0.0,0.0,0.0,0.0,0.0,0.0,0.0,0.0,0.0,0.0,0.0,0.0,0.0,0.0
18,3.886060039961591,4.549317485988415,0.0,0.0,0.0,0.0,0.1171875,0.0,0.3076171875,0.0,0.0,0.0,0.1171875,0.3076171875,5.859375e-2,0.0,0.0,0.17578125,0.4248046875,0.0,0.0,0.0,0.4248046875,0.3662109375,0.1171875,0.0,1.7462298274040222e-3,3.0174851417541504e-3,1.3969838619232178e-5,0.0,0.0,0.0,5.174014303419326e-7,0.0,0.0,0.0,0.0,0.0,0.0,0.0,0.0,0.0
19,4.131242490493494,5.52303690227367,0.0,0.7470703125,0.7470703125,5.859375e-2,1.0400390625,1.0546875,1.376953125,0.9375,0.2490234375,0.615234375,1.11328125,1.318359375,1.11328125,0.556640625,0.7470703125,1.1865234375,1.552734375,0.9375,0.3076171875,0.4248046875,1.435546875,1.435546875,1.1865234375,0.4248046875,1.7462298274040222e-3,1.1357996198866106e-2,3.3113691541883687e-5,0.0,0.0,0.0,4.139211442735461e-6,0.0,0.0,0.0,0.0,0.0,0.0,0.0,0.0,0.0
20,4.022836036234694,6.290568456190063,0.3662109375,1.7431640625,1.7431640625,0.9375,2.021484375,2.05078125,2.4462890625,1.9482421875,1.1865234375,1.494140625,2.1240234375,2.3876953125,2.1240234375,1.494140625,1.6845703125,2.197265625,2.607421875,2.021484375,1.2451171875,1.3037109375,2.490234375,2.5048828125,2.255859375,1.3623046875,5.5092904302808995e-3,2.033594581815932e-2,6.467517879274157e-5,0.0,0.0,0.0,0.0,0.0,0.0,0.0,0.0,0.0,0.0,0.0,0.0,0.0
21,4.194280997089585,7.177107373737939,0.87890625,2.373046875,2.431640625,1.5087890625,2.5341796875,2.6806640625,3.0615234375,2.5927734375,1.7431640625,2.0068359375,2.7392578125,2.958984375,2.6806640625,2.05078125,2.2412109375,2.7685546875,3.22265625,2.5927734375,1.7431640625,1.8017578125,3.1201171875,3.134765625,2.8125,1.875,1.0184012353420258e-2,3.8333237171173096e-2,1.1175870895385742e-4,0.0,0.0,0.0,0.0,0.0,0.0,0.0,0.0,0.0,0.0,0.0,0.0,0.0
22,4.33537728233059,7.769986989705218,1.69921875,3.4423828125,3.427734375,2.3876953125,3.515625,3.6767578125,4.130859375,3.5302734375,2.6220703125,2.8857421875,3.6767578125,4.0283203125,3.6767578125,2.9296875,3.1201171875,3.779296875,4.2919921875,3.603515625,2.6220703125,2.6806640625,4.1162109375,4.2041015625,3.8818359375,2.8125,1.5413906011316513e-2,3.3113691541883684e-2,5.174014303419326e-4,5.174014303419326e-7,0.0,0.0,0.0,0.0,0.0,0.0,0.0,0.0,0.0,0.0,0.0,0.0
23,3.982468138119894,8.912893263203697,2.2119140625,4.072265625,4.0576171875,2.958984375,4.1015625,4.306640625,4.7607421875,4.1748046875,3.134765625,3.3837890625,4.306640625,4.599609375,4.306640625,3.486328125,3.6181640625,4.3359375,4.9072265625,4.2333984375,3.134765625,3.1787109375,4.74609375,4.8193359375,4.453125,3.369140625,1.2618903484609393e-2,4.113703552219604e-2,5.5092904302808995e-3,4.139211442735461e-6,0.0,0.0,0.0,0.0,0.0,0.0,0.0,0.0,0.0,0.0,0.0,0.0
24,4.648353446956672,9.675735241222041,3.1640625,5.2587890625,5.244140625,3.9697265625,5.1416015625,5.4931640625,5.9619140625,5.302734375,4.130859375,4.3798828125,5.4345703125,5.7861328125,5.4345703125,4.4970703125,4.6142578125,5.537109375,6.09375,5.3759765625,4.130859375,4.1162109375,5.8740234375,6.0791015625,5.6396484375,4.365234375,9.093847539689807e-3,6.46751787927416e-2,1.0184012353420258e-2,6.467517879274157e-5,0.0,0.0,0.0,0.0,0.0,0.0,5.174014303419326e-7,0.0,0.0,0.0,0.0,0.0
25,4.749433268310153,10.63977816704814,3.603515625,5.888671875,5.80078125,4.4091796875,5.6689453125,6.0498046875,6.5185546875,5.8740234375,4.6435546875,4.8193359375,5.9326171875,6.357421875,5.9912109375,4.9951171875,5.1123046875,6.0498046875,6.650390625,5.8740234375,4.6435546875,4.5556640625,6.4306640625,6.650390625,6.2109375,4.9365234375,1.5413906011316513e-2,5.3718168702390476e-2,1.0184012353420258e-2,1.1175870895385742e-4,0.0,0.0,0.0,0.0,0.0,0.0,0.0,0.0,0.0,0.0,0.0,0.0
26,4.620252547749226,11.186577484072444,4.2919921875,6.8408203125,6.73828125,5.2294921875,6.5185546875,6.9873046875,7.529296875,6.767578125,5.44921875,5.6396484375,6.8701171875,7.236328125,6.8701171875,5.80078125,5.9326171875,6.9873046875,7.646484375,6.826171875,5.44921875,5.361328125,7.3681640625,7.646484375,7.1484375,5.7421875,1.859385520219803e-2,9.086396959092885e-2,1.0184012353420258e-2,5.174014303419326e-4,0.0,0.0,1.1175870895385742e-4,0.0,0.0,0.0,4.139211442735461e-6,4.139211442735461e-6,0.0,0.0,0.0,0.0
27,5.218032497181834,12.013291178291464,4.8046875,7.3974609375,7.3095703125,5.6689453125,7.03125,7.5,8.02734375,7.3388671875,5.9619140625,6.0791015625,7.3681640625,7.8076171875,7.4267578125,6.298828125,6.4306640625,7.55859375,8.203125,7.3974609375,5.888671875,5.80078125,7.9248046875,8.2177734375,7.705078125,6.240234375,2.033594581815932e-2,0.13563368055555558,1.2618903484609393e-2,3.0174851417541504e-3,0.0,0.0,1.1367309424612259e-3,0.0,0.0,0.0,0.0,0.0,0.0,0.0,0.0,0.0
28,6.611722388759086,12.599598285241758,5.3759765625,8.14453125,7.998046875,6.298828125,7.6904296875,8.2470703125,8.7744140625,8.02734375,6.5771484375,6.708984375,8.056640625,8.5693359375,8.115234375,6.9287109375,7.060546875,8.2470703125,8.9501953125,8.1005859375,6.5185546875,6.3720703125,8.6865234375,8.96484375,8.466796875,6.8701171875,4.113703552219604e-2,0.14209136780765325,1.1357996198866106e-2,3.0174851417541504e-3,0.0,0.0,5.174014303419326e-4,3.3113691541883687e-5,0.0,0.0,5.174014303419326e-7,0.0,0.0,0.0,0.0,0.0
29,5.910977353180533,12.40058457164023,5.7568359375,8.7158203125,8.5546875,6.73828125,8.203125,8.8037109375,9.345703125,8.5986328125,7.08984375,7.1484375,8.61328125,9.0673828125,8.61328125,7.3681640625,7.55859375,8.759765625,9.521484375,8.5986328125,6.9580078125,6.8701171875,9.1845703125,9.5361328125,8.96484375,7.3681640625,4.113703552219604e-2,0.2649095323350695,2.6207934651109915e-2,3.5488564107153155e-3,0.0,2.649095323350695e-4,1.1367309424612259e-3,1.3969838619232178e-5,0.0,5.174014303419326e-7,4.139211442735461e-6,0.0,0.0,0.0,5.174014303419326e-7,0.0
30,7.801232303236609,12.661709313867034,5.625,8.525390625,8.3642578125,6.6064453125,8.0126953125,8.5546875,9.1552734375,8.408203125,6.8994140625,7.0166015625,8.4375,8.876953125,8.4375,7.236328125,7.3681640625,8.5693359375,9.3310546875,8.466796875,6.8408203125,6.6796875,8.994140625,9.345703125,8.7744140625,7.177734375,0.10095122787687515,0.9166081953379845,0.2550990838143562,1.3969838619232178e-2,0.0,4.791654646396637e-3,1.1357996198866106e-2,1.4197495248582633e-3,6.886613037851124e-4,8.940696716308594e-4,2.649095323350695e-4,5.174014303419326e-7,0.0,0.0,1.1175870895385742e-4,5.174014303419326e-7
31,7.4080960006036785,12.616350704307775,5.7568359375,8.7158203125,8.5546875,6.73828125,8.203125,8.7451171875,9.345703125,8.5400390625,7.08984375,7.1484375,8.5546875,9.0673828125,8.61328125,7.3681640625,7.5,8.759765625,9.521484375,8.5986328125,6.9580078125,6.8115234375,9.1845703125,9.5361328125,8.96484375,7.3095703125,0.35259458753797757,1.1631654989388256,0.4297453496191238,1.3969838619232178e-2,0.0,1.3969838619232178e-2,2.4139881134033203e-2,1.0184012353420258e-2,2.119276258680556e-3,3.5488564107153155e-3,5.174014303419326e-4,3.3113691541883687e-5,0.0,0.0,2.649095323350695e-4,1.3969838619232178e-5
32,6.692641776060912,12.955658155722489,5.7568359375,8.7158203125,8.5546875,6.73828125,8.14453125,8.7451171875,9.345703125,8.5400390625,7.0166015625,7.1484375,8.5546875,9.0673828125,8.61328125,7.3681640625,7.5,8.759765625,9.4482421875,8.5986328125,6.9580078125,6.8115234375,9.1845703125,9.5361328125,8.96484375,7.3681640625,1.1631654989388256,1.3895431119534707,0.5820062425401477,7.275078031751846e-2,1.3969838619232178e-5,3.565982398059635e-2,5.036178562376235e-2,5.036178562376235e-2,3.5488564107153155e-3,1.6954210069444448e-2,7.152557373046875e-3,1.1367309424612259e-3,0.0,5.174014303419326e-4,4.1392114427354606e-3,4.139211442735461e-6
33,7.320554103410366,13.25059593713229,6.005859375,9.0966796875,8.935546875,7.0458984375,8.5400390625,9.111328125,9.6533203125,8.9208984375,7.3388671875,7.4560546875,8.935546875,9.4482421875,8.935546875,7.67578125,7.8076171875,9.1259765625,9.8291015625,8.9794921875,7.2802734375,7.119140625,9.4921875,9.90234375,9.345703125,7.6171875,1.0349974036216736,2.159261558618811,0.6886613037851123,0.14875084161758423,1.1367309424612259e-3,1.3969838619232178e-2,7.70291727450159e-2,9.581912308931351e-2,5.5092904302808995e-3,2.4139881134033203e-2,1.3969838619232178e-2,4.791654646396637e-3,0.0,1.4197495248582633e-3,5.5092904302808995e-3,3.771856427192688e-4
34,6.620740132533233,12.364118732380076,6.1376953125,9.2138671875,9.052734375,7.177734375,8.671875,9.2431640625,9.84375,9.0380859375,7.529296875,7.587890625,9.111328125,9.5654296875,9.111328125,7.8662109375,7.998046875,9.2578125,10.01953125,9.111328125,7.3974609375,7.236328125,9.6826171875,10.0341796875,9.5361328125,7.8076171875,0.8940696716308594,2.2822287347581662,0.6886613037851123,5.7220458984375e-2,5.174014303419326e-4,7.152557373046875e-3,6.863381713628769e-2,0.11744029406044221,7.152557373046875e-3,2.218358632591036e-2,7.152557373046875e-3,4.791654646396637e-3,0.0,5.174014303419326e-4,5.5092904302808995e-3,6.886613037851124e-4
35,6.6710168441682,11.130083885843517,5.625,8.525390625,8.3642578125,6.6064453125,8.0126953125,8.5546875,9.1552734375,8.349609375,6.8994140625,7.0166015625,8.3642578125,8.876953125,8.4375,7.236328125,7.3681640625,8.5693359375,9.3310546875,8.408203125,6.8408203125,6.6796875,8.994140625,9.345703125,8.7744140625,7.177734375,0.6517767906188965,2.1997466683387756,0.9166081953379845,0.11175870895385742,8.940696716308594e-4,1.3969838619232178e-2,6.863381713628769e-2,0.14875084161758423,1.1357996198866106e-2,2.218358632591036e-2,5.5092904302808995e-3,5.5092904302808995e-3,0.0,3.771856427192688e-4,4.1392114427354606e-3,1.7462298274040222e-3
36,6.403170626961083,9.71939710134345,4.74609375,7.3974609375,7.3095703125,5.6689453125,7.03125,7.5,8.02734375,7.3388671875,5.9619140625,6.0791015625,7.3681640625,7.8076171875,7.4267578125,6.240234375,6.4306640625,7.5,8.203125,7.3974609375,5.888671875,5.80078125,7.9248046875,8.2177734375,7.705078125,6.181640625,0.457763671875,2.0022881734702325,1.0850694444444446,0.11744029406044221,6.886613037851124e-4,3.0691735446453094e-2,7.70291727450159e-2,0.12331124809053211,1.0184012353420258e-2,2.033594581815932e-2,3.5488564107153155e-3,2.541993227269915e-3,0.0,1.774686906072829e-4,4.791654646396637e-3,1.1367309424612259e-3
37,5.816733858285505,9.642830819186399,3.720703125,6.0205078125,5.9912109375,4.599609375,5.80078125,6.181640625,6.708984375,6.005859375,4.8193359375,5.009765625,6.123046875,6.4892578125,6.123046875,5.1123046875,5.302734375,6.2255859375,6.8408203125,6.064453125,4.7607421875,4.74609375,6.62109375,6.8408203125,6.4013671875,5.0537109375,0.2550990838143562,1.6435375437140465,1.1900067329406738,0.14875084161758423,2.649095323350695e-4,3.565982398059635e-2,9.086396959092885e-2,6.087176087829803e-2,9.093847539689807e-3,1.2618903484609393e-2,3.5488564107153155e-3,2.541993227269915e-3,0.0,5.174014303419326e-7,3.0174851417541504e-3,5.174014303419326e-4
38,5.928524005829031,9.159964044692593,3.603515625,5.830078125,5.80078125,4.4091796875,5.6689453125,5.9912109375,6.5185546875,5.8740234375,4.6435546875,4.8193359375,5.9326171875,6.298828125,5.9326171875,4.9951171875,5.1123046875,6.0498046875,6.650390625,5.8740234375,4.6435546875,4.5556640625,6.4306640625,6.650390625,6.2109375,4.86328125,0.2271268102857802,1.419749524858263,1.0850694444444446,0.11175870895385742,2.649095323350695e-4,3.3113691541883684e-2,0.11744029406044221,3.3113691541883684e-2,4.791654646396637e-3,1.6954210069444448e-2,3.0174851417541504e-3,1.1367309424612259e-3,0.0,4.139211442735461e-6,3.0174851417541504e-3,3.3113691541883687e-5
39,6.073967237285316,8.898910135129492,3.28125,5.44921875,5.4345703125,4.0869140625,5.2734375,5.625,6.1376953125,5.4931640625,4.3212890625,4.51171875,5.5517578125,5.91796875,5.5517578125,4.6142578125,4.8046875,5.6689453125,6.2841796875,5.4931640625,4.2626953125,4.248046875,6.0498046875,6.26953125,5.830078125,4.5556640625,0.12331124809053211,1.0105496686365871,0.7465569716360835,0.14209136780765325,2.649095323350695e-4,3.0691735446453094e-2,8.147209882736206e-2,1.0184012353420258e-2,2.541993227269915e-3,1.2618903484609393e-2,2.119276258680556e-3,3.771856427192688e-4,0.0,4.139211442735461e-6,2.119276258680556e-3,5.174014303419326e-7
40,5.236807149282252,7.75224984600158,2.9736328125,5.0830078125,4.9951171875,3.7060546875,4.951171875,5.244140625,5.771484375,5.1123046875,4.013671875,4.2041015625,5.185546875,5.537109375,5.185546875,4.306640625,4.423828125,5.2880859375,5.8447265625,5.1123046875,3.9404296875,3.92578125,5.68359375,5.830078125,5.44921875,4.1748046875,8.147209882736206e-2,0.9166081953379845,0.6338390004303721,6.087176087829803e-2,1.3969838619232178e-5,1.859385520219803e-2,8.608266297313903e-2,4.791654646396637e-3,1.4197495248582633e-3,1.3969838619232178e-2,2.119276258680556e-3,3.3113691541883687e-5,0.0,4.139211442735461e-6,3.0174851417541504e-3,0.0
41,6.098907954872081,6.523927341755357,2.2119140625,4.072265625,4.0576171875,2.8857421875,4.04296875,4.306640625,4.7607421875,4.1748046875,3.134765625,3.3837890625,4.248046875,4.599609375,4.248046875,3.427734375,3.6181640625,4.3359375,4.8486328125,4.1748046875,3.134765625,3.1201171875,4.6875,4.8193359375,4.453125,3.310546875,0.10626338836219579,0.8501071068975663,0.457763671875,4.113703552219604e-2,5.174014303419326e-7,1.6954210069444448e-2,6.863381713628769e-2,5.5092904302808995e-3,8.940696716308594e-4,1.6954210069444448e-2,1.1367309424612259e-3,5.174014303419326e-7,0.0,4.139211442735461e-6,2.119276258680556e-3,0.0
42,7.359223505929112,6.051591510929168,1.259765625,2.8125,2.8125,1.8896484375,2.9296875,3.1201171875,3.5009765625,2.9736328125,2.0654296875,2.373046875,3.1201171875,3.3984375,3.1201171875,2.373046875,2.548828125,3.2080078125,3.603515625,3.0322265625,2.1240234375,2.1240234375,3.486328125,3.57421875,3.251953125,2.2412109375,0.1293746754527092,0.5989568307995796,0.35259458753797757,1.5413906011316513e-2,0.0,1.2618903484609393e-2,4.4074323442247196e-2,2.541993227269915e-3,6.467517879274157e-5,1.1357996198866106e-2,6.886613037851124e-4,0.0,0.0,0.0,8.940696716308594e-4,0.0
43,9.873048921767232,4.969291021579492,0.7470703125,2.1826171875,2.1826171875,1.318359375,2.40234375,2.490234375,2.8857421875,2.3291015625,1.5673828125,1.81640625,2.490234375,2.7685546875,2.490234375,1.8017578125,2.05078125,2.578125,2.9736328125,2.40234375,1.5673828125,1.611328125,2.87109375,2.9443359375,2.6220703125,1.6845703125,0.23621082719829353,0.7076142355799675,0.31774915340873944,2.6207934651109915e-2,0.0,4.791654646396637e-3,6.46751787927416e-2,5.5092904302808995e-3,1.1175870895385742e-4,8.0843973490927e-3,5.174014303419326e-4,4.139211442735461e-6,0.0,0.0,5.174014303419326e-4,3.3113691541883687e-5
44,11.155807942674945,4.083365115561797,0.0,1.1279296875,1.1865234375,0.439453125,1.4208984375,1.435546875,1.81640625,1.318359375,0.615234375,0.9375,1.552734375,1.7578125,1.494140625,0.9375,1.11328125,1.5673828125,1.9189453125,1.3916015625,0.6884765625,0.7470703125,1.875,1.875,1.5673828125,0.7470703125,0.6162333819601272,1.7813877719971873,0.7665529847145081,0.21827872842550278,5.174014303419326e-4,6.295223202970294e-3,0.12331124809053211,3.0691735446453094e-2,1.4197495248582633e-3,2.4139881134033203e-2,3.5488564107153155e-3,5.174014303419326e-4,0.0,6.467517879274157e-5,3.0174851417541504e-3,3.771856427192688e-4
45,10.906105286275876,2.326050967303284,0.0,5.859375e-2,0.1171875,0.0,0.4541015625,0.4248046875,0.7470703125,0.3076171875,0.0,0.1171875,0.498046875,0.6884765625,0.4248046875,0.0,0.17578125,0.556640625,0.8642578125,0.3076171875,0.0,0.0,0.8056640625,0.7470703125,0.556640625,0.0,2.0407926705148496,5.070712003442977,3.170887939631939,0.48697408702638423,1.3969838619232178e-2,0.10626338836219579,0.3407103940844536,0.2649095323350695,2.4139881134033203e-2,9.581912308931351e-2,1.3969838619232178e-2,1.859385520219803e-2,5.174014303419326e-7,3.0174851417541504e-3,2.6207934651109915e-2,3.0174851417541504e-3
46,10.776591936884028,1.5491980628552269,0.0,0.0,0.0,0.0,0.0,0.0,0.0,0.0,0.0,0.0,0.0,0.0,0.0,0.0,0.0,0.0,0.0,0.0,0.0,0.0,0.0,0.0,0.0,0.0,2.96747260209587,12.103911075327133,4.656049940321181,1.1900067329406738,5.036178562376235e-2,0.44360705133941447,0.7869029003712869,0.9166081953379845,0.11744029406044221,0.2852785918447708,4.71482053399086e-2,0.10626338836219579,6.467517879274157e-5,3.8333237171173096e-2,0.11175870895385742,2.033594581815932e-2
47,9.997229578222491,-4.102936176617805e-2,0.0,0.0,0.0,0.0,0.0,0.0,0.0,0.0,0.0,0.0,0.0,0.0,0.0,0.0,0.0,0.0,0.0,0.0,0.0,0.0,0.0,0.0,0.0,0.0,5.584759120312003,11.480124149885444,8.181798685755997,0.5174014303419328,3.0691735446453094e-2,0.8940696716308594,0.8286768570542336,1.2172577488753535,9.581912308931351e-2,0.48697408702638423,6.087176087829803e-2,0.11175870895385742,2.649095323350695e-4,7.70291727450159e-2,0.20966347720887932,2.8390851285722524e-2
48,11.569853742090894,-0.19671731304241902,0.0,0.0,0.0,0.0,0.0,0.0,0.0,0.0,0.0,0.0,0.0,0.0,0.0,0.0,0.0,0.0,0.0,0.0,0.0,0.0,0.0,0.0,0.0,0.0,4.077433194551204,9.412280697789459,8.579227142035961,0.6338390004303721,2.6207934651109915e-2,0.9864899847242569,0.5490705370903015,0.8719036769535807,0.11744029406044221,0.3290962841775683,0.14875084161758423,0.10626338836219579,3.3113691541883687e-5,4.71482053399086e-2,0.10626338836219579,4.113703552219604e-2
49,11.20229098533407,0.4234296739077955,0.0,0.0,0.0,0.0,0.0,0.0,0.0,0.0,0.0,0.0,0.0,0.0,0.0,0.0,0.0,0.0,0.0,0.0,0.0,0.0,0.0,0.0,0.0,0.0,3.4379627969529905,9.848303161561489,7.987772114574909,0.3407103940844536,2.4139881134033203e-2,0.9628152474761009,0.6338390004303721,0.6338390004303721,0.18518366333511146,0.2649095323350695,0.18518366333511146,9.086396959092885e-2,5.174014303419326e-7,4.113703552219604e-2,0.10095122787687515,5.036178562376235e-2
50,11.66379069178551,-0.11504178785413,0.0,0.0,0.0,0.0,0.0,0.0,0.0,0.0,0.0,0.0,0.0,0.0,0.0,0.0,0.0,0.0,0.0,0.0,0.0,0.0,0.0,0.0,0.0,0.0,4.139211442735462,15.0,7.152557373046875,0.8286768570542336,0.10626338836219579,0.7665529847145081,0.9166081953379845,0.44360705133941447,0.27496833354234695,0.36475196894672185,0.20127795222732758,0.17746869060728288,0.0,6.087176087829803e-2,0.14875084161758423,7.70291727450159e-2
51,12.501795493328864,-0.4934362632429925,0.0,0.0,0.0,0.0,0.0,0.0,0.0,0.0,0.0,0.0,0.0,0.0,0.0,0.0,0.0,0.0,0.0,0.0,0.0,0.0,0.0,0.0,0.0,0.0,5.893525667488575,15.0,6.295223202970295,1.2449216511514454,0.14875084161758423,0.7665529847145081,1.136730942461226,0.6162333819601272,0.23621082719829353,0.4161754623055458,0.2271268102857802,0.18518366333511146,0.0,9.086396959092885e-2,0.20127795222732758,7.70291727450159e-2
52,12.536355103444665,0.45630684745039585,0.0,0.0,0.0,0.0,0.0,0.0,0.0,0.0,0.0,0.0,0.0,0.0,0.0,0.0,0.0,0.0,0.0,0.0,0.0,0.0,0.0,0.0,0.0,0.0,8.478690352704792,11.977390386164188,5.434504710137844,1.0349974036216736,0.21827872842550278,1.2730015441775322,0.9395223524835377,0.5174014303419328,0.17746869060728288,0.36475196894672185,0.20127795222732758,0.2649095323350695,2.649095323350695e-4,0.10626338836219579,0.20966347720887932,7.70291727450159e-2
53,12.608271725198573,0.48408142669058696,0.0,0.0,0.0,0.0,0.0,0.0,0.0,0.0,0.0,0.0,0.0,0.0,0.0,0.0,0.0,0.0,0.0,0.0,0.0,0.0,0.0,0.0,0.0,0.0,11.480124149885444,15.0,8.378942083153461,1.5773629355761742,0.14875084161758423,1.8170144822862415,1.3304217201140194,0.6162333819601272,0.20966347720887932,0.7869029003712869,0.2271268102857802,0.3771856427192688,2.541993227269915e-3,0.16268756654527455,0.3290962841775683,7.70291727450159e-2
54,11.641279793900358,-0.40736247114842894,0.0,0.0,0.0,0.0,0.0,0.0,0.0,0.0,0.0,0.0,0.0,0.0,0.0,0.0,0.0,0.0,0.0,0.0,0.0,0.0,0.0,0.0,0.0,0.0,8.279979228973389,15.0,11.116344895627766,2.079787664115429,0.10095122787687515,2.079787664115429,1.6773078176710345,0.20127795222732758,0.3290962841775683,1.1900067329406738,0.2271268102857802,0.4028942849900988,4.1392114427354606e-3,0.1293746754527092,0.3290962841775683,7.275078031751846e-2
55,11.987736071866902,-0.19999134240554017,0.0,0.0,0.0,0.0,0.0,0.0,0.0,0.0,0.0,0.0,0.0,0.0,0.0,0.0,0.0,0.0,0.0,0.0,0.0,0.0,0.0,0.0,0.0,0.0,11.603124439716339,15.0,10.643373760912155,2.079787664115429,7.275078031751846e-2,1.6435375437140465,1.2172577488753535,0.6162333819601272,0.2852785918447708,0.8076098230150012,0.4028942849900988,0.35259458753797757,4.1392114427354606e-3,0.1293746754527092,0.23621082719829353,8.147209882736206e-2
56,12.101494346168606,-5.231076318906136e-2,0.0,0.0,0.0,0.0,0.0,0.0,0.0,0.0,0.0,0.0,0.0,0.0,0.0,0.0,0.0,0.0,0.0,0.0,0.0,0.0,0.0,0.0,0.0,0.0,9.305323991510605,12.74989452213049,11.977390386164188,1.7115375440981655,4.113703552219604e-2,1.2449216511514454,1.3015005323621964,1.2730015441775322,0.30666589736938477,0.6162333819601272,0.23621082719829353,0.21827872842550278,2.541993227269915e-3,0.11175870895385742,0.30666589736938477,9.581912308931351e-2
57,12.42453926263978,-0.4293489437525536,0.0,0.0,0.0,0.0,0.0,0.0,0.0,0.0,0.0,0.0,0.0,0.0,0.0,0.0,0.0,0.0,0.0,0.0,0.0,0.0,0.0,0.0,0.0,0.0,10.643373760912155,14.536115858289932,15.0,2.079787664115429,4.113703552219604e-2,1.059836294088099,1.6102236178186207,1.419749524858263,0.30666589736938477,0.7269117567274308,0.20966347720887932,0.20127795222732758,2.119276258680556e-3,0.1699710264801979,0.4161754623055458,0.10626338836219579
58,11.299619485012693,0.4318062748093029,0.0,0.0,0.0,0.0,0.0,0.0,0.0,0.0,0.0,0.0,0.0,0.0,0.0,0.0,0.0,0.0,0.0,0.0,0.0,0.0,0.0,0.0,0.0,0.0,11.727000172767376,15.0,15.0,0.6162333819601272,8.147209882736206e-2,1.2449216511514454,1.1106999590992928,1.3015005323621964,0.20966347720887932,0.6162333819601272,0.3407103940844536,0.16268756654527455,4.1392114427354606e-3,0.15561520639393067,0.2550990838143562,9.581912308931351e-2
59,11.38663281910372,0.45703182524954344,0.0,0.0,0.0,0.0,0.0,0.0,0.0,0.0,0.0,0.0,0.0,0.0,0.0,0.0,0.0,0.0,0.0,0.0,0.0,0.0,0.0,0.0,0.0,0.0,12.618903484609394,15.0,13.554920442402363,0.6162333819601272,7.275078031751846e-2,1.8170144822862415,0.5989568307995796,0.8940696716308594,0.14875084161758423,0.5330792110827235,0.4161754623055458,0.18518366333511146,4.791654646396637e-3,9.581912308931351e-2,0.16268756654527455,7.70291727450159e-2
60,10.646211432642218,1.3765742478095722,0.0,0.0,0.0,0.0,0.0,0.0,0.0,0.0,0.0,0.0,0.0,0.0,0.0,0.0,0.0,0.0,0.0,0.0,0.0,0.0,0.0,0.0,0.0,0.0,6.887675262987614,15.0,8.885599672794342,1.0105496686365871,6.863381713628769e-2,1.0105496686365871,0.9395223524835377,0.6338390004303721,0.2649095323350695,0.48697408702638423,0.2550990838143562,0.1699710264801979,2.119276258680556e-3,8.608266297313903e-2,0.1293746754527092,7.275078031751846e-2
61,11.784962360992663,1.0909375858816381,0.0,0.0,0.0,0.0,0.0,0.0,0.0,0.0,0.0,0.0,0.0,0.0,0.0,0.0,0.0,0.0,0.0,0.0,0.0,0.0,0.0,0.0,0.0,0.0,7.332865562703876,11.357996198866104,8.579227142035961,2.453327178955078,9.086396959092885e-2,0.8940696716308594,0.9395223524835377,1.059836294088099,0.2550990838143562,0.36475196894672185,0.15561520639393067,0.1699710264801979,3.5488564107153155e-3,8.147209882736206e-2,0.11175870895385742,6.863381713628769e-2
62,11.11054369481343,2.4966083629756124,0.0,0.0,0.0,0.0,0.0,0.0,0.0,0.0,0.0,0.0,0.0,0.0,0.0,0.0,0.0,0.0,0.0,0.0,0.0,0.0,0.0,0.0,0.0,0.0,4.656049940321181,8.782678697672159,6.213468085560534,1.2172577488753535,9.581912308931351e-2,0.7465569716360835,0.8501071068975663,0.6162333819601272,0.20127795222732758,0.20127795222732758,0.11175870895385742,0.13563368055555558,1.4197495248582633e-3,4.4074323442247196e-2,7.275078031751846e-2,6.087176087829803e-2
63,10.828485220588805,3.1225346095590716,0.0,0.0,0.0,0.0,0.0,0.0,0.0,0.0,0.0,0.0,0.0,0.0,0.0,0.0,0.0,0.0,0.0,0.0,0.0,0.0,0.0,0.0,0.0,0.0,4.860433335933421,9.412280697789459,6.1324238777160645,0.5490705370903015,8.147209882736206e-2,0.8286768570542336,0.7465569716360835,0.7465569716360835,0.17746869060728288,0.30666589736938477,0.12331124809053211,0.19311904907226563,2.119276258680556e-3,5.036178562376235e-2,8.608266297313903e-2,5.3718168702390476e-2
64,10.838737963239716,3.0932787452171926,0.0,0.0,0.0,0.0,0.0,0.0,0.0,0.0,0.0,0.0,0.0,0.0,0.0,0.0,0.0,0.0,0.0,0.0,0.0,0.0,0.0,0.0,0.0,0.0,5.972455773088668,8.084397349092697,8.279979228973389,0.47221831563446276,8.608266297313903e-2,0.8940696716308594,0.6700498569342828,0.6162333819601272,0.12331124809053211,0.47221831563446276,0.21827872842550278,0.12331124809053211,1.1367309424612259e-3,6.087176087829803e-2,0.1293746754527092,3.565982398059635e-2
65,10.831978567299807,3.8572677679187954,0.0,0.0,0.0,0.0,0.0,0.0,0.0,0.0,0.0,0.0,0.0,0.0,0.0,0.0,0.0,0.0,0.0,0.0,0.0,0.0,0.0,0.0,0.0,0.0,6.714771087798809,10.071275238361626,5.1421294402745055,1.0850694444444446,8.608266297313903e-2,0.7269117567274308,0.7665529847145081,0.30666589736938477,9.086396959092885e-2,0.4028942849900988,0.18518366333511146,0.17746869060728288,3.771856427192688e-4,4.71482053399086e-2,9.581912308931351e-2,2.8390851285722524e-2
66,10.37297135762674,4.0928360565306825,0.0,0.0,0.0,0.0,0.2490234375,0.17578125,0.498046875,0.1171875,0.0,0.0,0.3076171875,0.498046875,0.2490234375,0.0,5.859375e-2,0.3076171875,0.615234375,0.1171875,0.0,0.0,0.615234375,0.556640625,0.3076171875,0.0,8.084397349092697,8.181798685755997,5.972455773088668,1.2172577488753535,0.10626338836219579,0.5989568307995796,0.48697408702638423,0.2852785918447708,0.10095122787687515,0.24553388357162476,0.17746869060728288,0.17746869060728288,1.3969838619232178e-5,2.4139881134033203e-2,5.7220458984375e-2,3.8333237171173096e-2
67,11.99571780572884,5.861614171863198,0.0,5.859375e-2,0.1171875,0.0,0.4541015625,0.4248046875,0.7470703125,0.3076171875,0.0,5.859375e-2,0.498046875,0.6884765625,0.4248046875,0.0,0.17578125,0.556640625,0.8642578125,0.3076171875,0.0,0.0,0.8056640625,0.7470703125,0.498046875,0.0,4.656049940321181,8.9893215853307,4.791654646396637,0.6517767906188965,8.608266297313903e-2,0.6886613037851123,0.9864899847242569,0.2271268102857802,0.11175870895385742,0.38989871326420056,0.14209136780765325,0.13563368055555558,5.174014303419326e-7,3.565982398059635e-2,0.10095122787687515,3.0691735446453094e-2
68,12.562975566778633,6.713097263393715,0.556640625,2.0068359375,1.9921875,1.1279296875,2.2119140625,2.2412109375,2.6953125,2.138671875,1.3037109375,1.6845703125,2.2998046875,2.578125,2.2998046875,1.611328125,1.8017578125,2.3876953125,2.7978515625,2.2119140625,1.376953125,1.435546875,2.6806640625,2.6953125,2.373046875,1.494140625,2.6327702734205465,10.412004258897571,4.929867055681018,0.8076098230150012,0.13563368055555558,0.565378512773249,0.8719036769535807,0.18518366333511146,0.15561520639393067,0.29584341165092265,0.11744029406044221,0.14875084161758423,0.0,3.0691735446453094e-2,8.608266297313903e-2,2.8390851285722524e-2
69,14.574442165281859,7.38216218137346,1.3916015625,3.0029296875,2.98828125,2.0068359375,3.1201171875,3.310546875,3.69140625,3.1640625,2.255859375,2.5048828125,3.310546875,3.5888671875,3.2373046875,2.548828125,2.7392578125,3.33984375,3.8525390625,3.1640625,2.255859375,2.2998046875,3.6767578125,3.7646484375,3.4423828125,2.431640625,8.885599672794342,13.148300349712372,7.702521979808807,0.4028942849900988,8.147209882736206e-2,0.6338390004303721,0.8076098230150012,0.47221831563446276,0.19311904907226563,0.35259458753797757,0.14875084161758423,0.14209136780765325,1.774686906072829e-4,7.70291727450159e-2,0.1293746754527092,4.113703552219604e-2
70,13.348239294365657,8.100313702883195,1.8896484375,3.6328125,3.6181640625,2.578125,3.7060546875,3.8671875,4.3212890625,3.720703125,2.75390625,3.0029296875,3.8671875,4.1455078125,3.8671875,3.0615234375,3.2373046875,3.9697265625,4.4677734375,3.7939453125,2.75390625,2.8125,4.306640625,4.3798828125,4.013671875,2.9296875,11.357996198866104,12.359619140625,15.0,0.7869029003712869,0.14209136780765325,1.3895431119534707,0.5989568307995796,1.0105496686365871,0.16268756654527455,0.36475196894672185,0.16268756654527455,0.2550990838143562,3.5488564107153155e-3,5.3718168702390476e-2,0.15561520639393067,6.087176087829803e-2
71,12.494987332046437,9.206641904030905,2.4609375,4.453125,4.423828125,3.2080078125,4.365234375,4.6875,5.1416015625,4.482421875,3.4423828125,3.69140625,4.6142578125,4.9658203125,4.6142578125,3.75,3.92578125,4.716796875,5.2880859375,4.5556640625,3.4423828125,3.427734375,5.0537109375,5.2001953125,4.8193359375,3.6767578125,15.0,15.0,15.0,1.1900067329406738,0.36475196894672185,1.2730015441775322,1.136730942461226,1.4503905549645424,0.27496833354234695,0.6162333819601272,0.20966347720887932,0.38989871326420056,1.2618903484609393e-2,0.13563368055555558,0.3290962841775683,9.086396959092885e-2
72,13.185620332006852,10.362963892895726,3.28125,5.44921875,5.361328125,4.0869140625,5.2734375,5.625,6.1376953125,5.4345703125,4.3212890625,4.51171875,5.5517578125,5.91796875,5.5517578125,4.6142578125,4.74609375,5.6689453125,6.2841796875,5.4931640625,4.2626953125,4.248046875,6.0498046875,6.2109375,5.830078125,4.4970703125,14.82490450143814,15.0,10.412004258897571,4.999958910048008,0.35259458753797757,1.5129888844158916,1.6435375437140465,1.9267382514145648,0.29584341165092265,0.7869029003712869,0.23621082719829353,0.5820062425401477,8.0843973490927e-3,0.18518366333511146,0.31774915340873944,9.581912308931351e-2
73,13.464033228380988,11.15749333007089,4.1015625,6.5771484375,6.4892578125,5.0390625,6.3134765625,6.73828125,7.2802734375,6.5771484375,5.2587890625,5.44921875,6.62109375,7.0458984375,6.6796875,5.625,5.7421875,6.796875,7.3974609375,6.6357421875,5.2001953125,5.185546875,7.177734375,7.3974609375,6.9580078125,5.5517578125,13.148300349712372,14.11000318411324,10.878145694732666,3.4379627969529905,0.16268756654527455,1.3895431119534707,2.3242319002747536,2.240734692249034,0.30666589736938477,1.0850694444444446,0.23621082719829353,0.4297453496191238,8.0843973490927e-3,0.20966347720887932,0.36475196894672185,8.608266297313903e-2
74,11.900658098740097,12.244757203434501,4.74609375,7.3388671875,7.236328125,5.6689453125,7.03125,7.5,8.02734375,7.265625,5.9619140625,6.0791015625,7.3681640625,7.8076171875,7.3681640625,6.240234375,6.4306640625,7.5,8.14453125,7.3388671875,5.888671875,5.7421875,7.8662109375,8.14453125,7.646484375,6.181640625,14.393138699233532,15.0,14.680036757555277,6.377692334353924,0.14209136780765325,2.0022881734702325,3.3833929854962568,2.497397880587313,0.6162333819601272,1.136730942461226,0.23621082719829353,0.4028942849900988,2.033594581815932e-2,0.23621082719829353,0.457763671875,0.19311904907226563
75,12.509943457096677,13.09984084369718,5.4345703125,8.2763671875,8.173828125,6.416015625,7.822265625,8.3642578125,8.96484375,8.1591796875,6.708984375,6.8408203125,8.173828125,8.6865234375,8.2470703125,7.060546875,7.177734375,8.37890625,9.140625,8.2177734375,6.650390625,6.4892578125,8.8037109375,9.0966796875,8.583984375,6.9873046875,14.82490450143814,15.0,14.11000318411324,5.584759120312003,0.10626338836219579,1.8531130626797676,3.0174851417541504,2.6327702734205465,0.5020340904593468,0.8719036769535807,0.35259458753797757,0.457763671875,1.2618903484609393e-2,0.19311904907226563,0.3771856427192688,0.18518366333511146
76,12.88595755789938,13.128445926229686,6.005859375,9.0234375,8.8623046875,7.0458984375,8.466796875,9.052734375,9.6533203125,8.84765625,7.3388671875,7.3974609375,8.935546875,9.3896484375,8.935546875,7.67578125,7.8076171875,9.0673828125,9.8291015625,8.9794921875,7.20703125,7.119140625,9.4921875,9.84375,9.287109375,7.6171875,11.480124149885444,15.0,10.643373760912155,4.016272723674774,0.13563368055555558,1.1106999590992928,1.8896866175863483,1.7462298274040222,0.29584341165092265,0.457763671875,0.2649095323350695,0.31774915340873944,8.0843973490927e-3,9.086396959092885e-2,0.16268756654527455,0.1293746754527092
77,11.61202068158867,13.528432366603958,6.1376953125,9.2138671875,9.052734375,7.177734375,8.671875,9.2431640625,9.84375,9.0380859375,7.529296875,7.587890625,9.052734375,9.5654296875,9.111328125,7.8076171875,7.998046875,9.2578125,10.01953125,9.111328125,7.3974609375,7.236328125,9.6826171875,10.0341796875,9.462890625,7.7490234375,12.881788942548965,15.0,11.727000172767376,2.409778017964629,0.15561520639393067,1.0850694444444446,1.964271068572998,1.059836294088099,0.2550990838143562,0.4161754623055458,0.4161754623055458,0.29584341165092265,3.5488564107153155e-3,7.70291727450159e-2,0.16268756654527455,0.10095122787687515
78,11.610160159776795,13.292137255285416,6.38671875,9.5947265625,9.43359375,7.5,8.994140625,9.6240234375,10.224609375,9.4189453125,7.7783203125,7.8369140625,9.43359375,9.8876953125,9.43359375,8.115234375,8.2470703125,9.5654296875,10.3857421875,9.4921875,7.646484375,7.55859375,9.990234375,10.4150390625,9.84375,8.056640625,13.148300349712372,14.393138699233532,12.74989452213049,0.8719036769535807,9.086396959092885e-2,1.3895431119534707,1.6102236178186207,0.9166081953379845,0.1699710264801979,0.5330792110827235,0.35259458753797757,0.24553388357162476,5.5092904302808995e-3,7.70291727450159e-2,0.16268756654527455,8.608266297313903e-2
79,12.078748642764747,14.063226628958931,6.1376953125,9.2138671875,9.052734375,7.177734375,8.671875,9.2431640625,9.84375,9.0380859375,7.529296875,7.587890625,9.052734375,9.5654296875,9.111328125,7.8076171875,7.9248046875,9.2578125,10.01953125,9.111328125,7.3974609375,7.236328125,9.6826171875,10.0341796875,9.462890625,7.8076171875,11.357996198866104,11.977390386164188,9.093847539689808,0.1699710264801979,6.863381713628769e-2,1.3015005323621964,1.4503905549645424,0.6700498569342828,0.1699710264801979,0.5490705370903015,0.2649095323350695,0.2271268102857802,2.541993227269915e-3,0.10626338836219579,0.17746869060728288,7.70291727450159e-2
80,11.170137281112101,13.237616131417417,6.6943359375,9.90234375,9.7412109375,7.7490234375,9.31640625,9.931640625,10.5322265625,9.7412109375,8.0859375,8.14453125,9.7412109375,10.2685546875,9.7998046875,8.4375,8.5546875,9.8876953125,10.693359375,9.7998046875,7.96875,7.8076171875,10.37109375,10.72265625,10.166015625,8.3642578125,10.878145694732666,14.82490450143814,7.608970109787255,0.14875084161758423,4.71482053399086e-2,1.419749524858263,1.1900067329406738,0.565378512773249,0.21827872842550278,0.5989568307995796,0.23621082719829353,0.2852785918447708,3.0174851417541504e-3,0.12331124809053211,0.21827872842550278,8.147209882736206e-2
81,11.377026254440514,13.494594066548224,6.1376953125,9.2138671875,9.052734375,7.177734375,8.5986328125,9.2431640625,9.84375,9.0380859375,7.4560546875,7.587890625,9.052734375,9.5654296875,9.111328125,7.8076171875,7.9248046875,9.2578125,10.01953125,9.111328125,7.3974609375,7.236328125,9.6826171875,10.0341796875,9.462890625,7.8076171875,8.181798685755997,14.82490450143814,5.66091388463974,0.44360705133941447,0.12331124809053211,1.419749524858263,1.6102236178186207,0.24553388357162476,0.20966347720887932,0.7869029003712869,0.18518366333511146,0.2852785918447708,4.791654646396637e-3,0.12331124809053211,0.30666589736938477,5.036178562376235e-2
82,10.317019479164355,12.426022649753966,6.2548828125,9.404296875,9.2431640625,7.3095703125,8.8037109375,9.43359375,10.0341796875,9.228515625,7.646484375,7.705078125,9.2431640625,9.755859375,9.3017578125,7.9248046875,8.115234375,9.3896484375,10.1953125,9.3017578125,7.529296875,7.3681640625,9.873046875,10.224609375,9.6533203125,7.9248046875,8.378942083153461,11.603124439716339,4.929867055681018,0.10626338836219579,8.147209882736206e-2,1.1631654989388256,1.5773629355761742,0.3290962841775683,0.1699710264801979,0.6700498569342828,0.10626338836219579,0.20966347720887932,2.541993227269915e-3,0.10095122787687515,0.31774915340873944,3.3113691541883684e-2
83,9.97044232684529,11.625189596881153,5.56640625,8.466796875,8.3056640625,6.5478515625,8.0126953125,8.5546875,9.1552734375,8.349609375,6.8994140625,6.9580078125,8.3642578125,8.876953125,8.4375,7.177734375,7.3681640625,8.5693359375,9.2724609375,8.408203125,6.767578125,6.62109375,8.994140625,9.287109375,8.7744140625,7.119140625,8.279979228973389,8.279979228973389,7.516178819868301,0.14875084161758423,3.565982398059635e-2,0.8501071068975663,1.2730015441775322,0.13563368055555558,9.086396959092885e-2,0.6700498569342828,0.12331124809053211,0.16268756654527455,2.119276258680556e-3,7.70291727450159e-2,0.2550990838143562,1.6954210069444448e-2
84,7.740590604401184,10.356160286042996,4.9951171875,7.705078125,7.6171875,5.91796875,7.3681640625,7.8076171875,8.408203125,7.646484375,6.2109375,6.4013671875,7.67578125,8.1298828125,7.7490234375,6.5625,6.73828125,7.8076171875,8.583984375,7.7197265625,6.1376953125,6.0498046875,8.2470703125,8.525390625,8.02734375,6.4892578125,6.714771087798809,6.460878584120009,6.377692334353924,0.14209136780765325,3.565982398059635e-2,0.6886613037851123,0.9628152474761009,0.2649095323350695,6.087176087829803e-2,0.457763671875,0.14209136780765325,9.086396959092885e-2,3.771856427192688e-4,6.087176087829803e-2,0.20127795222732758,1.1357996198866106e-2
85,6.3281920754599,9.017791868202416,4.1015625,6.5771484375,6.4892578125,5.0390625,6.3134765625,6.73828125,7.2802734375,6.5771484375,5.2587890625,5.44921875,6.62109375,7.0458984375,6.62109375,5.5517578125,5.7421875,6.73828125,7.3974609375,6.6357421875,5.2001953125,5.185546875,7.177734375,7.3974609375,6.9580078125,5.4931640625,3.4931162372231483,5.893525667488575,7.063522417512207,1.3969838619232178e-2,1.3969838619232178e-2,0.6700498569342828,1.0105496686365871,9.581912308931351e-2,6.46751787927416e-2,0.36475196894672185,0.14209136780765325,6.863381713628769e-2,2.649095323350695e-4,4.113703552219604e-2,0.14209136780765325,8.0843973490927e-3
86,7.454124510014395,8.38776447579431,3.0908203125,5.2587890625,5.185546875,3.896484375,5.1416015625,5.4345703125,5.888671875,5.244140625,4.130859375,4.3212890625,5.361328125,5.7275390625,5.361328125,4.423828125,4.6142578125,5.478515625,6.03515625,5.302734375,4.072265625,4.0576171875,5.80078125,6.0205078125,5.5810546875,4.306640625,0.8501071068975663,3.662109375,3.719628374609683,6.886613037851124e-4,5.5092904302808995e-3,0.5330792110827235,0.4297453496191238,4.4074323442247196e-2,3.3113691541883684e-2,0.14209136780765325,8.147209882736206e-2,3.565982398059635e-2,0.0,1.5413906011316513e-2,5.036178562376235e-2,2.119276258680556e-3
87,6.19012462089312,7.857468908207117,2.6513671875,4.6435546875,4.5556640625,3.3984375,4.5556640625,4.86328125,5.33203125,4.6728515625,3.6328125,3.8232421875,4.8046875,5.15625,4.8046875,3.92578125,4.1162109375,4.9072265625,5.4638671875,4.74609375,3.57421875,3.6181640625,5.244140625,5.390625,5.009765625,3.80859375,0.31774915340873944,2.240734692249034,1.7115375440981655,1.4197495248582633e-3,2.541993227269915e-3,0.20966347720887932,0.20127795222732758,2.8390851285722524e-2,1.3969838619232178e-2,6.46751787927416e-2,4.4074323442247196e-2,1.5413906011316513e-2,0.0,4.791654646396637e-3,1.5413906011316513e-2,1.1367309424612259e-3
88,6.83685513172219,7.0630028581922915,2.138671875,4.013671875,3.9990234375,2.8271484375,4.04296875,4.248046875,4.7021484375,4.1015625,3.0615234375,3.3251953125,4.248046875,4.5263671875,4.248046875,3.427734375,3.5595703125,4.3359375,4.8486328125,4.1748046875,3.0615234375,3.1201171875,4.6875,4.8193359375,4.453125,3.310546875,0.4161754623055458,2.497397880587313,1.3015005323621964,1.0184012353420258e-2,6.886613037851124e-4,8.608266297313903e-2,0.16268756654527455,2.8390851285722524e-2,1.1357996198866106e-2,6.087176087829803e-2,3.0691735446453094e-2,9.093847539689807e-3,0.0,3.0174851417541504e-3,1.3969838619232178e-2,8.940696716308594e-4
89,6.477625201976988,6.340602273103584,1.5087890625,3.193359375,3.1787109375,2.197265625,3.3251953125,3.427734375,3.8818359375,3.33984375,2.373046875,2.6953125,3.486328125,3.779296875,3.427734375,2.6806640625,2.87109375,3.515625,4.04296875,3.4130859375,2.373046875,2.431640625,3.8671875,3.9404296875,3.6328125,2.548828125,0.4161754623055458,1.8896866175863483,0.7869029003712869,3.5488564107153155e-3,1.1175870895385742e-4,4.71482053399086e-2,0.10095122787687515,2.033594581815932e-2,9.093847539689807e-3,3.3113691541883684e-2,1.0184012353420258e-2,3.0174851417541504e-3,0.0,8.940696716308594e-4,5.5092904302808995e-3,6.886613037851124e-4
90,7.282811459855802,5.446878237699955,1.0693359375,2.5634765625,2.548828125,1.6259765625,2.724609375,2.87109375,3.251953125,2.7099609375,1.875,2.1826171875,2.87109375,3.1494140625,2.87109375,2.1826171875,2.373046875,2.958984375,3.4130859375,2.783203125,1.875,1.93359375,3.310546875,3.3251953125,3.0029296875,2.05078125,0.9166081953379845,1.3304217201140194,0.8076098230150012,4.139211442735461e-6,1.1175870895385742e-4,3.0691735446453094e-2,5.036178562376235e-2,3.3113691541883684e-2,4.1392114427354606e-3,1.1357996198866106e-2,6.295223202970294e-3,8.940696716308594e-4,0.0,3.771856427192688e-4,1.4197495248582633e-3,3.771856427192688e-4
91,7.468416172316285,4.297533690531698,0.2490234375,1.5673828125,1.552734375,0.7470703125,1.81640625,1.8017578125,2.1826171875,1.69921875,0.99609375,1.3037109375,1.93359375,2.138671875,1.875,1.2451171875,1.494140625,1.9482421875,2.3583984375,1.7578125,0.99609375,1.11328125,2.2412109375,2.255859375,2.0068359375,1.11328125,0.7869029003712869,1.059836294088099,0.6517767906188965,5.174014303419326e-7,1.1175870895385742e-4,2.218358632591036e-2,3.3113691541883684e-2,3.3113691541883684e-2,6.886613037851124e-4,1.0184012353420258e-2,1.0184012353420258e-2,6.886613037851124e-4,0.0,1.1175870895385742e-4,5.174014303419326e-4,1.3969838619232178e-5
92,6.772747882872014,4.152720805932368,0.0,0.2490234375,0.3076171875,0.0,0.64453125,0.615234375,0.9375,0.498046875,0.0,0.2490234375,0.673828125,0.87890625,0.673828125,0.17578125,0.3662109375,0.7470703125,1.0546875,0.498046875,0.0,5.859375e-2,0.99609375,0.99609375,0.7470703125,0.0,1.0850694444444446,1.3015005323621964,1.2172577488753535,1.3969838619232178e-5,1.3969838619232178e-5,3.8333237171173096e-2,6.863381713628769e-2,6.863381713628769e-2,8.940696716308594e-4,1.6954210069444448e-2,1.0184012353420258e-2,2.649095323350695e-4,0.0,1.1175870895385742e-4,8.940696716308594e-4,1.3969838619232178e-5
93,7.365943336945399,1.9782782850983427,0.0,0.2490234375,0.3076171875,0.0,0.64453125,0.556640625,0.9375,0.498046875,0.0,0.2490234375,0.673828125,0.87890625,0.615234375,0.17578125,0.3662109375,0.7470703125,1.0546875,0.498046875,0.0,5.859375e-2,0.99609375,0.9375,0.7470703125,0.0,1.1106999590992928,1.964271068572998,1.6102236178186207,8.940696716308594e-4,1.3969838619232178e-5,5.3718168702390476e-2,0.10095122787687515,8.147209882736206e-2,3.0174851417541504e-3,2.4139881134033203e-2,4.1392114427354606e-3,6.467517879274157e-5,0.0,3.771856427192688e-4,3.0174851417541504e-3,1.1175870895385742e-4
94,4.792481431064305,1.2987272946221118,0.0,0.0,0.0,0.0,0.0,0.0,0.0,0.0,0.0,0.0,0.0,0.0,0.0,0.0,0.0,0.0,0.0,0.0,0.0,0.0,0.0,0.0,0.0,0.0,0.8286768570542336,2.0407926705148496,1.2172577488753535,1.3969838619232178e-5,3.3113691541883687e-5,5.036178562376235e-2,8.608266297313903e-2,9.086396959092885e-2,4.791654646396637e-3,2.4139881134033203e-2,3.5488564107153155e-3,1.1175870895385742e-4,0.0,1.1175870895385742e-4,4.1392114427354606e-3,3.771856427192688e-4
95,4.338144000632425,-7.464761005844867e-2,0.0,0.0,0.0,0.0,0.0,0.0,0.0,0.0,0.0,0.0,0.0,0.0,0.0,0.0,0.0,0.0,0.0,0.0,0.0,0.0,0.0,0.0,0.0,0.0,1.0850694444444446,2.0022881734702325,0.9166081953379845,0.0,6.467517879274157e-5,7.275078031751846e-2,5.7220458984375e-2,9.086396959092885e-2,5.5092904302808995e-3,2.6207934651109915e-2,5.5092904302808995e-3,8.940696716308594e-4,0.0,2.649095323350695e-4,2.541993227269915e-3,6.886613037851124e-4
96,2.477518353778251,-8.590858806202428e-2,0.0,0.0,0.0,0.0,0.0,0.0,0.0,0.0,0.0,0.0,0.0,0.0,0.0,0.0,0.0,0.0,0.0,0.0,0.0,0.0,0.0,0.0,0.0,0.0,0.6162333819601272,1.059836294088099,0.47221831563446276,5.174014303419326e-7,4.139211442735461e-6,4.113703552219604e-2,2.218358632591036e-2,5.7220458984375e-2,1.4197495248582633e-3,1.2618903484609393e-2,2.541993227269915e-3,8.940696716308594e-4,0.0,4.139211442735461e-6,3.771856427192688e-4,2.649095323350695e-4
97,3.419482057514722,-8.541938844297892e-2,0.0,0.0,0.0,0.0,0.0,0.0,0.0,0.0,0.0,0.0,0.0,0.0,0.0,0.0,0.0,0.0,0.0,0.0,0.0,0.0,0.0,0.0,0.0,0.0,0.17746869060728288,0.6700498569342828,0.19311904907226563,0.0,0.0,1.5413906011316513e-2,1.0184012353420258e-2,1.859385520219803e-2,3.771856427192688e-4,3.0174851417541504e-3,5.174014303419326e-4,6.467517879274157e-5,0.0,0.0,0.0,3.3113691541883687e-5
98,2.475413885309406,2.627884674634018e-2,0.0,0.0,0.0,0.0,0.0,0.0,0.0,0.0,0.0,0.0,0.0,0.0,0.0,0.0,0.0,0.0,0.0,0.0,0.0,0.0,0.0,0.0,0.0,0.0,7.70291727450159e-2,0.24553388357162476,6.087176087829803e-2,0.0,0.0,3.5488564107153155e-3,2.541993227269915e-3,4.791654646396637e-3,5.174014303419326e-7,3.771856427192688e-4,4.139211442735461e-6,0.0,0.0,0.0,0.0,0.0
99,2.4663175124868384,-0.41681411208332464,0.0,0.0,0.0,0.0,0.0,0.0,0.0,0.0,0.0,0.0,0.0,0.0,0.0,0.0,0.0,0.0,0.0,0.0,0.0,0.0,0.0,0.0,0.0,0.0,4.113703552219604e-2,0.10095122787687515,2.033594581815932e-2,0.0,0.0,2.649095323350695e-4,1.774686906072829e-4,1.1367309424612259e-3,0.0,0.0,0.0,0.0,0.0,0.0,0.0,0.0
100,0.0,0.0,0.0,0.0,0.0,0.0,0.0,0.0,0.0,0.0,0.0,0.0,0.0,0.0,0.0,0.0,0.0,0.0,0.0,0.0,0.0,0.0,0.0,0.0,0.0,0.0,1.6954210069444448e-2,4.113703552219604e-2,4.791654646396637e-3,0.0,0.0,0.0,0.0,6.467517879274157e-5,0.0,0.0,0.0,0.0,0.0,0.0,0.0,0.0