Солнце: 1,Солнце: 2,Солнце: 3,Солнце: 4,Солнце: 5,Солнце: 6,Солнце: 7,Солнце: 8,Ветер: 1,Ветер: 2,Ветер: 3,Ветер: 4,Ветер: 5,Ветер: 6,Ветер: 7,Ветер: 8,Больницы: 1,Больницы: 2,Больницы: 3,Больницы: 4,Больницы: 5,Больницы: 6,Больницы: 7,Больницы: 8,Заводы: 1,Заводы: 2,Заводы: 3,Заводы: 4,Заводы: 5,Заводы: 6,Заводы: 7,Заводы: 8,Дома А: 1,Дома А: 2,Дома А: 3,Дома А: 4,Дома А: 5,Дома А: 6,Дома А: 7,Дома А: 8,Дома Б: 1,Дома Б: 2,Дома Б: 3,Дома Б: 4,Дома Б: 5,Дома Б: 6,Дома Б: 7,Дома Б: 8
0.0,0.0,0.0,0.0,0.0,0.0,0.0,0.0,14.426152460687566,14.426152460687566,14.426152460687566,14.426152460687566,14.426152460687566,14.426152460687566,14.426152460687566,14.426152460687566,1.2115202377353145,1.106008062799236,1.136369868038029,1.2939587510979613,1.319301909713489,1.2671099962633208,1.2280297139090695,1.2792670150359664,4.142662935975136,4.1923650120308915,4.2839333283849514,4.424480030809863,4.145090712543193,3.951962817982118,4.274301792731949,3.9692948685575207,1.6823600780901655,1.3085022225174,1.737906832933214,1.6266178605698773,1.7280559622405889,1.6786123578299486,1.5699988246602246,1.358697695821002,1.248743309699945,0.9852342523537185,0.9619811996185759,1.0658415751758756,0.9162293609838859,1.1414402806972104,0.8424712230487239,0.932573699280907
0.0,0.0,0.0,0.0,0.0,0.0,0.0,0.0,14.456784983149529,14.456784983149529,14.456784983149529,14.456784983149529,14.456784983149529,14.456784983149529,14.456784983149529,14.456784983149529,1.2974542211143967,1.3007232305535479,1.1907549865723897,1.0985368475770247,1.119801894192957,1.1094864831318227,1.2961629723652024,1.2972477227512396,4.262975083169869,4.109423365359333,4.331183305354416,4.065330100719526,4.177018793931916,4.096650778268235,4.492449814849964,4.278455198744995,1.2136407095681108,1.1278639616537642,1.1482466505671476,0.8609811698180008,1.0055298140946176,1.0521322280943037,1.3345044241255242,1.064123565794156,0.6999815488723486,1.0602024835846349,1.0169490909027505,1.1197595567620158,0.7530700312810533,1.0835755761872439,1.0200940218524737,0.7690465611753902
0.0,0.0,0.0,0.0,0.0,0.0,0.0,0.0,13.881017675895974,13.881017675895974,13.881017675895974,13.881017675895974,13.881017675895974,13.881017675895974,13.881017675895974,13.881017675895974,0.9246936315992235,0.9854813864976307,0.8803025634192276,1.0113782539637712,0.88401919932233,0.9840606363438131,1.0420053810921721,1.081117743108783,4.505819277839772,4.211602967536487,4.3703944396606405,4.570673410648235,4.18579100706167,4.569336138260994,4.420881238734914,4.6367512591248605,0.7922205540218945,0.9700906789324172,0.9798312119540791,0.62909410398254,0.7828385953969497,0.7551815587936056,0.7823336893519574,1.0021340851350726,0.5824437669478078,0.6975294430980461,0.6838033677999213,0.8366338657520629,0.5621939749706444,0.7220654930869717,0.9769927529536419,0.7456116240808646
0.0,0.0,0.0,0.0,0.0,0.0,0.0,0.0,13.96796685565625,13.96796685565625,13.96796685565625,13.96796685565625,13.96796685565625,13.96796685565625,13.96796685565625,13.96796685565625,0.8303720361827509,0.7139605090365343,0.8367523342453953,0.7400991896954154,0.7011771369369856,0.7318423758915029,0.6902678436884016,0.6892600109664246,4.3036864820317575,4.372368653768461,4.6086989144472215,4.536529527821138,4.286378549486585,4.429145010570349,4.732710273403605,4.4639366298121965,1.046004010780373,0.5730938315427687,0.6457229936822453,0.7643166942974351,0.5758393148731235,0.7238115697816027,0.8861469506932227,0.8204696977794961,0.9180657322897595,0.7008494622794993,0.8451428348504533,1.0165428695422898,0.9017041717987754,0.9240291248647582,0.8750290780854773,0.7114489483529067
0.0,0.0,0.0,0.0,0.0,0.0,0.0,0.0,13.93020002622239,13.93020002622239,13.93020002622239,13.93020002622239,13.93020002622239,13.93020002622239,13.93020002622239,13.93020002622239,0.5154976858457947,0.5776564667015999,0.4858740051195556,0.6216540827148515,0.4750345773603686,0.5445505118871322,0.6686070493523024,0.7172968255819585,4.829852044662127,4.4519872110771965,4.478465938606548,4.52085541816167,4.655454895441817,4.525532518362826,4.515834538226036,4.7279037772740296,0.5546109074110026,0.7577714434995729,0.45234762781402754,0.5953272828584629,0.9013185759244629,0.8768834982471623,0.49060674893616285,0.6035812724265748,0.9779560311216468,0.5946261857171415,0.7977646357235297,1.017294400864553,0.7120593117947139,0.6303058038692725,0.6237324355410263,0.9058811245062414
0.0,0.0,0.0,0.0,0.0,0.0,0.0,0.0,13.538711179681064,13.538711179681064,13.538711179681064,13.538711179681064,13.538711179681064,13.538711179681064,13.538711179681064,13.538711179681064,0.5222977182973806,0.533738165417733,0.6760336046361785,0.6630231503540873,0.629758872901126,0.6004730863886629,0.644424947968269,0.5821291718583012,4.816460991046823,4.687158592394857,4.597005835068245,4.483316902720726,4.5505757165841265,4.4959406141706895,4.41818152605267,4.573789214841149,0.7531235507491454,0.7514224261637624,0.6263590032186961,0.6057195577222669,0.7587214122884737,0.8808195424246335,0.7986217750973935,0.7700607238174924,1.0435732754215938,0.8939086740439268,1.0241685377594612,0.7358801731542455,0.7978537032795341,0.6885382582244619,0.8354688484480952,0.7664326040852039
0.0,0.0,0.0,0.0,0.0,0.0,0.0,0.0,13.643212384146345,13.643212384146345,13.643212384146345,13.643212384146345,13.643212384146345,13.643212384146345,13.643212384146345,13.643212384146345,0.8692291415055747,0.7295784464752197,0.7979005499024058,0.7530620546711738,0.8441483211590947,0.7023586379931381,0.6760325050798958,0.7139421382984826,4.65948418806096,4.739705777952746,4.509183176030358,4.626539891005784,4.896110105394185,4.80148359013283,4.672992578792032,4.533916736012719,0.6649135707895015,0.750586129214627,0.6289349853441932,0.8314736878382941,0.5920486339421043,0.9302237825734703,0.47048967392673524,0.5972740213949661,0.8264449653412597,1.1471029970858386,0.803653937912794,0.8810527201532699,0.9180958994541086,1.0701911669436552,1.0687932830025961,1.1241953491990957
0.0,0.0,0.0,0.0,0.0,0.0,0.0,0.0,13.122781353620923,13.122781353620923,13.122781353620923,13.122781353620923,13.122781353620923,13.122781353620923,13.122781353620923,13.122781353620923,0.917124222775102,1.025846779512735,1.0672186892063704,0.9371399536131733,0.9078541937784035,0.8972681829348942,0.9261607461043909,1.0614571908920287,4.662530378774652,4.9388500808442135,4.922332846343291,5.001900618986465,4.709498573155252,4.788547942594323,5.010457253467446,5.005992034717017,0.7277461758226585,0.7745210445788002,0.7977409917851472,0.7196034586343777,0.6238608568841815,0.6475702637862624,0.8728389665299802,0.8177607107180133,1.1141146754190108,1.0248018761378292,1.0167498361768201,0.7639256176823568,0.7709942561414362,0.8669107283589454,0.9359288320480313,0.8517900099034775
0.0,0.0,0.0,0.0,0.0,0.0,0.0,0.0,14.041033034357454,14.041033034357454,14.041033034357454,14.041033034357454,14.041033034357454,14.041033034357454,14.041033034357454,14.041033034357454,1.118042674600987,0.897797834812549,1.1075321474064197,1.03067092187413,0.8952826681850636,0.9160607503004108,1.0993315039344256,0.9152132400106029,5.066521087198707,4.847734148483679,4.977333181943449,4.934846825724566,4.6935952190504215,5.053475091879633,4.882219481103855,4.9187103158106735,0.8712247289826961,1.0931270055764382,0.8941219125149104,0.8330307098770454,1.0361589992028262,0.736600366949838,0.8117661278526465,0.6784734569699707,1.220791532278257,0.9656545598023556,1.08816243067638,0.891795900146449,1.0440219352794302,1.3083293061504884,0.9547524322628198,0.8805755085937947
0.0,0.0,0.0,0.0,0.0,0.0,0.0,0.0,13.218590489743322,13.218590489743322,13.218590489743322,13.218590489743322,13.218590489743322,13.218590489743322,13.218590489743322,13.218590489743322,1.5045911380906554,1.3884439502705817,1.3095912496575906,1.3463775629488544,1.3788411384542927,1.522148686120088,1.4224731590715487,1.475103636894279,5.00886167048545,5.069565399787795,4.715762684804664,4.94651369647406,4.702841820714673,4.8937308245924545,4.700409535937412,5.142363057194386,0.9477324834465495,0.7218322982506503,0.6917175353407874,0.7646106706477127,1.090447340483473,1.0616054694424262,0.9751706536939793,0.8610197396162217,1.2330463387918646,1.1343531067643675,1.197754731470264,0.8968539218902847,1.1515444051119348,0.8887015973434043,1.1265653847017907,1.0059318382587954
0.0,0.0,0.0,0.0,0.0,0.0,0.0,0.0,13.634677289065577,13.634677289065577,13.634677289065577,13.634677289065577,13.634677289065577,13.634677289065577,13.634677289065577,13.634677289065577,1.7066056555981755,1.6368409620577071,1.6980336250339332,1.6586252380203121,1.6018611765550093,1.6127801700311042,1.578800972088637,1.6701674976476684,5.084099617419098,5.188092527558259,4.797793463842752,5.160005098113114,5.026399480403974,4.866312250986206,5.151776447590996,5.198594813517872,0.8105971441335114,1.1664086220200236,1.2158387035721643,1.0757010710144268,1.0628306341248621,0.8878026614226511,0.7601005475129443,0.8866545773309773,1.2155615750586306,1.269630309000879,1.1351902373348173,1.1843095613824182,1.4231203769634673,1.1650420160922537,1.0932708095661945,1.0421240377645902
0.0,0.0,0.0,0.0,0.0,0.0,0.0,0.0,13.544268863859367,13.544268863859367,13.544268863859367,13.544268863859367,13.544268863859367,13.544268863859367,13.544268863859367,13.544268863859367,1.9468693795660548,1.8886472083230061,2.031941620271895,2.0388213310732697,1.937112344919345,1.9234023653264636,2.0372581001910293,2.028696408825682,4.881001306487557,4.868109422222625,4.944914091616734,4.930978921528979,4.937878571181574,5.280823575812616,4.857558580805291,5.224666310893106,1.3136396723999324,1.3246841865929406,1.0450526641456355,1.2957542878030104,1.13661128805316,0.9067239794997362,1.035411993436831,1.050745474425264,1.3810275392703124,1.4172903918417683,1.3975551125050178,1.09394713818196,1.2515863387187909,1.4367515668559059,1.511724424894218,1.2345549773564737
0.8837096168613168,0.9047172827802871,0.9036667726583631,0.885035831520887,0.8977265994000707,0.8948178893914027,0.8943147135896163,0.8975228676481153,14.5,14.5,14.5,14.5,14.5,14.5,14.5,14.5,2.131328598934485,2.153678688845672,2.1559585540523147,2.207928813092889,2.0950058353432905,2.0862539896586476,2.2712529144878797,2.2036178940832367,5.2259305736091095,5.63325003177442,5.494149079342419,5.4092936212746885,5.3749767773033765,5.397384399197971,5.545406668949271,5.451385396067681,1.1197677012417326,1.246352183085654,1.1017097763840833,1.1634587331857738,0.997525734321724,0.9960482487561095,1.2903730272228289,1.1163059615375728,1.5838781318396746,1.2980185150513468,1.5019237691749316,1.3584188058321254,1.4175336229373374,1.2358095179174933,1.3389493012610894,1.1910530146842102
1.3914323685680894,1.4422670478658786,1.4357963191848784,1.402510976482109,1.4493815072591345,1.4136314597571078,1.3997688413197515,1.4030380563827771,13.684526341205705,13.684526341205705,13.684526341205705,13.684526341205705,13.684526341205705,13.684526341205705,13.684526341205705,13.684526341205705,2.3745368220227703,2.3974180168406782,2.3557355039369505,2.504460381825975,2.2530786583142794,2.2810968503210383,2.261251014329207,2.3387072951798795,5.6443789488815845,5.920469922002062,5.904238387257653,5.815802598772149,5.524422735148157,5.6895094688972145,5.569021285731331,5.401797095017421,1.1963341213586853,1.1787253606661392,1.191239337160428,0.9562931275131035,0.9888483238982381,1.0714424698140121,1.086142694396744,0.9830460157853846,1.6399107143872116,1.4807739214299207,1.2978467171613732,1.296883433358682,1.5157232082074423,1.769155843455293,1.7486703433666255,1.5809031523200425
2.1795297337766875,2.2662266528485353,2.265282937553235,2.163136629309901,2.2655365201876068,2.1727111742167167,2.180204427978251,2.175074186450066,13.825437349819076,13.825437349819076,13.825437349819076,13.825437349819076,13.825437349819076,13.825437349819076,13.825437349819076,13.825437349819076,2.8218799667798384,2.8122616431409964,2.7996394575626256,2.8774549063786883,2.7784907597795003,2.739983975370616,2.8016817443399176,2.863105066941278,5.745044188747162,6.223634044055136,6.22458897057628,5.852029742977018,6.284025332597255,5.937629775389091,6.192253364493844,5.951786863136029,1.0994881723977248,1.471613870935357,1.325036047359558,1.3479896788851233,1.231076807605193,1.3397597636031928,1.1141708316076666,1.3505478777163789,1.9099871661310315,1.838167719743271,1.703194867513096,1.7416405785750966,1.8847051003842865,1.8701776047276593,1.792435317866393,1.9308444644575455
2.5581283945818463,2.7164997775964657,2.7182068499659535,2.5794366062765635,2.700967196618888,2.586293537569947,2.5586082094439098,2.566407085162535,14.359421860920722,14.359421860920722,14.359421860920722,14.359421860920722,14.359421860920722,14.359421860920722,14.359421860920722,14.359421860920722,3.0276197853368165,2.992132752238406,2.7651369603371343,3.0653234847285677,2.7300315177482686,2.770495863189936,2.9675743804374135,2.9546068760216544,6.379489191020323,6.338407422617,6.4347969591370235,6.075551270870508,6.350366968175708,6.2018755968836805,6.274051378432799,5.970757607697106,1.6478120615233123,1.3130679127871012,1.4350135897202418,1.318596276050263,1.5925496271305009,1.4643547191033268,1.123842032995775,1.5065848792687169,1.9806158019478899,2.098225650946566,1.780595311452069,1.851189772651574,2.0334865155143373,2.0815638440810362,2.1463431031022187,1.8584562218386227
3.139165440953675,3.3481654201913913,3.3433935052864823,3.147888722761029,3.336241056564945,3.1406214578588316,3.144066678845783,3.1351456423050164,14.40028237207289,14.40028237207289,14.40028237207289,14.40028237207289,14.40028237207289,14.40028237207289,14.40028237207289,14.40028237207289,3.144349750345066,3.2340630150013814,2.9266737332783297,3.102626835249829,3.12616973657698,3.069989544555363,3.1011957228618074,3.289305979816983,6.243153009371032,6.874544351541637,6.8342201538350995,6.3752896348047825,6.600181564858783,6.478306437377833,6.893378687873306,6.516921322048512,1.3074116312195252,1.519208218794847,1.5119030438783954,1.3491324666506728,1.322146219401149,1.5300381920537391,1.6408752263376865,1.261510732750242,2.5064573538784014,2.5792865893677113,2.4729896775963676,2.4945638155444376,2.3929624997642596,2.34680882378228,2.4123305653338933,2.366385602293816
3.5155953239139506,3.7863506459877407,3.8065331329969316,3.5349149540674496,3.78396380343656,3.533282784786196,3.52888491314816,3.526464457674019,14.256254681995674,14.256254681995674,14.256254681995674,14.256254681995674,14.256254681995674,14.256254681995674,14.256254681995674,14.256254681995674,3.297820522125801,3.285045043271755,3.160566226857652,3.505756465035359,3.171615205133262,3.234104631277607,3.1961269754294626,3.345030975824246,6.3829465772416905,6.749376332232148,6.764036180393813,6.3344743795372125,6.580710001670569,6.501184819954979,6.94911952649003,6.36493684953532,1.4170481675835116,1.5029203190533393,1.4489364220408003,1.7325771085741386,1.4711115558895855,1.7047737287614204,1.4144254457978134,1.6506155642622327,2.5358857968590907,2.7537751586930788,2.711351037179578,2.6300049620664647,2.74302510242595,2.363792397810008,2.441162355700686,2.59178936614122
4.186197336502381,4.504291579537169,4.518220444515308,4.186075314479083,4.523528591982367,4.19655637724606,4.21256199284055,4.209758143254596,14.333580874705742,14.333580874705742,14.333580874705742,14.333580874705742,14.333580874705742,14.333580874705742,14.333580874705742,14.333580874705742,3.13451680558108,3.1499516469014988,2.9097038304053235,3.0754284649271044,2.972342828687299,2.9417579487631715,2.9643827001901855,3.324055118138576,6.507326388833319,6.819545944763604,6.945676499427545,6.266158685511642,6.74246593600034,6.184738478326985,6.902876627763823,6.351977116423158,1.6807937659012548,1.4720004005995968,1.6983594956512977,1.7810131807039218,2.0174121116356103,1.632975046053526,1.7116787002766345,1.896406617235318,2.661497844828078,2.23179839466691,2.6922331310733796,2.5451359647113874,2.5074842153090335,2.388068576693611,2.2952650237586902,2.5018832830909052
5.098985410487123,5.41262326116426,5.40243956283617,5.083626769573532,5.421207951380537,5.0895875965579025,5.099555707041045,5.093168206682136,13.748831333118776,13.748831333118776,13.748831333118776,13.748831333118776,13.748831333118776,13.748831333118776,13.748831333118776,13.748831333118776,3.3130259368294057,3.31776278686919,2.9187406913570797,3.1821533362734855,3.1099537069783407,3.120258415892197,2.977170453923188,3.304991551157346,6.384457136712803,6.77671187143892,6.497228548494476,6.420834595847365,6.586511043951396,6.1055019455323025,6.9185649170634775,6.301252455611038,1.9578977810075358,2.119904917526288,1.995068007619166,1.939870237843198,2.2391606919178484,1.820673681714742,1.8404179627833486,1.6918804413918394,2.1508872047939445,1.6947785307997512,1.799466104700653,1.7318945151282028,1.7144098264310461,1.7730390450602052,1.9921514361547321,2.018700670061473
6.011181835690749,6.324935375118396,6.325922266895564,5.992625659247623,6.3273911549006465,5.989337548633182,6.002683964992544,5.997556779625184,12.938751101370459,12.938751101370459,12.938751101370459,12.938751101370459,12.938751101370459,12.938751101370459,12.938751101370459,12.938751101370459,2.8981652742429307,3.0307713748244103,2.791939234788812,2.993132510958638,2.803313691387859,2.79247418924879,2.917168584683529,3.1041931507655387,6.742493751848119,6.910440000055807,6.636649752857852,6.532988698289205,6.692830584255229,6.431637697624225,6.64978275597752,6.735236854550922,1.8802465191643654,1.8702204151462156,2.1349309751956786,2.0582807226774085,2.267431802642567,1.7800808064065807,1.7831545306589542,2.1781741936684003,1.9019926488118029,1.9213496715275207,1.4469887654113163,1.4711970336421933,1.7505408975071712,1.8480953730808058,1.7775404954047112,1.3958959447039088
6.941026642774709,7.211652599643845,7.21031521738219,6.930212316127641,7.229294341186687,6.944290957542087,6.946174763647263,6.941392831101132,12.615078765449946,12.615078765449946,12.615078765449946,12.615078765449946,12.615078765449946,12.615078765449946,12.615078765449946,12.615078765449946,3.0056172273535977,2.947152597279048,2.960594588253133,3.0289922812291206,3.0005309855038726,2.862817452693826,2.9771065715940654,2.9276173328851263,6.717435015686838,6.971309500192784,6.935560994636447,6.769074385408424,6.958284897116363,7.032966866420669,7.015906564414553,6.802200771729027,1.9537912957707992,2.078634626688457,1.9873812139470566,2.2787494313935244,2.270288493647043,2.144309674459623,2.2474952945462627,2.1221315882474325,1.4252793650277544,1.348745013280278,1.2326713161658576,1.2854708755135795,1.3578983704509417,1.5295084749679173,1.3664297265183163,1.3998016985384722
7.890180711990904,8.129376867333614,8.135224811483713,7.873306974907604,8.116369777040237,7.885235579205771,7.872102816387016,7.884755895301289,12.424421118960648,12.424421118960648,12.424421118960648,12.424421118960648,12.424421118960648,12.424421118960648,12.424421118960648,12.424421118960648,2.767900407163404,2.827505880475016,2.7090442045137344,2.707600972557129,2.605105079805557,2.744189132232427,2.7750265713745295,2.917436895693447,6.8850903246925546,7.105004143014262,6.870532240615839,6.734343853100281,7.275010486731914,6.857453326764679,7.251403470307668,6.774526219475014,1.8059746919532518,1.9086171378130918,1.88134574662805,1.9040071407372492,1.777938952091478,1.8113183364098564,1.7426727358261447,1.7340636711041293,1.1208864754241623,1.3468143601383162,1.0945894428697334,1.2029991630437618,1.1024766263347627,1.2051455974472631,1.2480380692569493,1.4798892584316825
8.852855337069126,9.021444798210762,9.017062415538456,8.849134536172912,9.03343886526596,8.835122924652511,8.852462857237274,8.858411625730403,12.656690797790656,12.656690797790656,12.656690797790656,12.656690797790656,12.656690797790656,12.656690797790656,12.656690797790656,12.656690797790656,2.869219634162044,2.708826317688084,2.751284132342166,2.923051355546613,2.6307805210123085,2.8280365865041213,2.836231499860501,2.9053795531816062,6.8057425808721215,7.043839753695515,6.999694868769005,6.804258950531536,6.904395359972481,7.054277159246982,7.241909965265921,7.136245729467118,1.7760858792779712,1.9015605710417294,1.5885195322255117,1.5649730167277567,1.7070575485097321,1.846250690138483,1.7494431339408334,1.616091768460698,1.5550192954356665,1.2703485873124503,1.5477226111064861,1.2549844497834277,1.15587000274392,1.280059980529735,1.231549269678447,1.3699097953749968
9.733373479810968,10.115190457531861,10.128365243690457,9.72844674405822,10.117681847751319,10.124066768162079,9.732880790744666,9.921376801916065,11.4488537786268,11.4488537786268,11.4488537786268,11.4488537786268,11.4488537786268,11.4488537786268,11.4488537786268,11.4488537786268,2.571475680811477,2.721642920430217,2.4841847942373367,2.7086156875152327,2.4353277038536767,2.583280213704841,2.5772039344504507,2.7157979055443766,7.510366842461208,7.03046837388405,7.401683753740239,7.6381882154844565,7.619408570831656,7.4066312746129075,7.352434305582017,7.490419606010224,1.4221813925030533,1.423560763373517,1.4082743804754911,1.1424110901124507,1.5569912724841177,1.4541811287142132,1.404980132895987,1.57621598601413,1.172304573443786,1.3083855618892044,1.387011629312737,1.3303617339818916,1.477054037841949,1.3872036983947327,1.18358103537531,1.0679065296100134
10.497603871843495,11.156454134556714,11.153132814813278,10.521423946490962,11.14373696153787,11.166935395822101,10.508109947245043,10.84493153639332,9.158394995076442,9.158394995076442,9.158394995076442,9.158394995076442,9.158394995076442,9.158394995076442,9.158394995076442,9.158394995076442,2.4057903411945816,2.7216908888973563,2.623428935570797,2.590981861539053,2.467383336642482,2.6820569576070428,2.692704653806481,2.5652813728532853,7.969402732753522,8.170617466386918,8.351062182113681,8.057093184972796,8.44834374872368,8.021830947150903,8.674401716574964,8.149669004355001,1.1126228977063022,1.4705176934748356,1.2484856103348054,1.5005935590903994,1.4348879303491344,1.5851118008444745,1.2221603869898174,1.2081917552609727,1.467805501698655,1.5787361839383416,1.4965855432805266,1.6035914905533513,1.397290459989971,1.4793983618217634,1.6460918841326928,1.2663146110624908
11.275966176571686,12.1991972468835,12.199437993221919,11.252191916422076,12.208977644249302,12.20177170409244,11.271582425422705,11.724402217817062,9.158394995076442,9.158394995076442,9.158394995076442,9.158394995076442,9.158394995076442,9.158394995076442,9.158394995076442,9.158394995076442,2.1945423823596037,2.5383124556333425,2.2235629015693146,2.4781925341280253,2.265133591799375,2.4478092991691116,2.5423612339823576,2.414115302231576,9.055287819739396,8.764268306816906,9.433689416643771,9.00134383630469,9.039131723983203,8.397824683862519,9.460687874570041,8.401103006576692,1.3218068685474058,1.2257088936104492,1.1750432564022373,1.197539452413717,1.3551716316495006,1.5431058139613096,1.3285293244031613,1.3155295605507127,1.3675836738483063,1.6017975256821952,1.7069394599190875,1.491375790846781,1.5597728290036705,1.4624765752929658,1.459990293837277,1.6647864948704165
12.009087121437915,13.274350164804924,13.258217283559851,12.021704766982438,13.261224828034278,13.258333340473252,12.008251165187572,12.645637143593543,8.702321947859396,8.702321947859396,8.702321947859396,8.702321947859396,9.673842067736818,9.673842067736818,9.673842067736818,9.673842067736818,2.242006128447607,2.5543652477508614,2.193532714667635,2.5089078279615586,2.3639322587589042,2.515600578872023,2.6111877588274512,2.4797085408097304,8.640014381814288,8.37984282342937,9.249822053115473,8.622884126411888,8.747166953955679,8.460675140124357,9.169564009276353,8.508243535634227,1.1045948919964161,1.1004357981811275,1.5096502863478478,0.9224135749186502,1.481162826878951,1.3535475908363988,1.0920488009296085,1.0129144149262321,1.6052024868916255,1.3653795078405235,1.4486412103793365,1.3892209045887238,1.1833551989384423,1.399132682813057,1.6549143530208048,1.4811326015755175
12.303361361689872,13.890136168730635,13.889936964386308,12.316931507290962,13.88896117458159,13.867673336618253,12.298177872846784,13.100446411847688,8.832312343932859,8.832312343932859,8.832312343932859,8.832312343932859,9.563772222459285,9.563772222459285,9.563772222459285,9.563772222459285,2.2622275645832923,2.446825688267405,2.2996779703970236,2.4528977028355903,2.1879841509384095,2.662846967254439,2.442896936127057,2.423190202618972,8.619524156767016,8.01775137708852,9.330915442585086,8.595820393517007,8.823788855518893,8.121814187273953,9.43731602983989,8.10848221860299,1.2827516538588064,0.9906892073238973,1.122692324770041,1.2817580322174011,1.17818375670929,1.2096451426546868,1.0229802733469415,0.9915670447642585,1.7542957926972709,1.7853569259979907,1.6564751740844224,1.4064465662509855,1.423644076924803,1.4716013165787571,1.5058623344917967,1.4154800859829104
12.432678874073094,14.295516840857161,14.296805132056136,12.413648950536542,14.291760642305709,14.283775725279469,12.426391423674906,13.367495639420797,8.509203238968283,8.509203238968283,8.509203238968283,8.509203238968283,9.275436440549809,9.275436440549809,9.275436440549809,9.275436440549809,2.1533850549806055,2.387934965711656,2.0486452216932807,2.351205697396608,2.1554239964937834,2.325079466854671,2.3745578137180363,2.1777346531705857,8.443873533071548,7.766456831585406,9.231021797314064,8.493733303216176,8.650460451991664,7.816166723694428,9.103221949289903,8.235699591183465,1.2935761015984575,1.1946303349852005,1.3885258191600875,1.0880212535679272,1.1503778751597036,1.3452706328062476,1.2654424914634406,0.983237664500267,1.9484218150806925,1.5019437897588934,1.567489982458992,1.8288804556082523,1.566521394954055,1.9200103447497596,1.717474946082777,1.3809464904848512
12.586271287610979,14.493123374937172,14.499948344883814,12.60661465441145,14.5,14.482500831711704,12.582319306087314,13.529440319695178,8.320700379496149,8.320700379496149,8.320700379496149,8.320700379496149,9.733239111546476,9.733239111546476,9.733239111546476,9.733239111546476,1.9304316650937288,2.4098914558649835,2.048799800367478,2.310558363772206,2.0201627670209543,2.365083940846807,2.250163759321503,2.2068487115882993,8.832255550045756,8.02003028792371,9.52759370404123,8.76421695536657,8.993645663952334,8.078712803488006,9.639100337225592,8.016860343528663,1.2908669729717464,1.1477912826943235,1.5372561024714875,1.2659456829707976,1.3656550838142936,1.4218893714840353,1.2300441857353503,0.9677382859338093,1.8548086919710647,1.9840297959163997,2.077331322591648,2.134885279344014,1.9733431825156846,1.8626308633626687,1.8427634718557493,1.9588918959204313
12.72234372501702,14.364696902001937,14.36239931633715,12.742671221994575,14.367744464287842,14.36740929299231,12.739584761919959,13.536698823241442,8.244691019829716,8.244691019829716,8.244691019829716,8.244691019829716,9.32170388316777,9.32170388316777,9.32170388316777,9.32170388316777,1.994200293604674,2.3676133259369774,2.1461172637872363,2.324984948305225,2.1032890276085365,2.288036734620528,2.2190325923885936,2.304032529013631,9.236385520063667,8.63937913985416,9.465038839852964,9.135175210949406,8.807541556327546,8.467079393037544,9.411146144450445,8.307458818228527,1.4034988941286428,1.4192608211154538,1.8037041935567946,1.2532149105651471,1.6596997170765875,1.3525245144116878,1.595486791511107,1.3313458128134736,2.10335374305684,2.2588750804045246,2.231334102457785,2.2530931859034955,2.283553897602783,2.2223510566574984,2.131722074838546,1.7853415065740255
12.850875734817823,14.226973947639031,14.224269851252702,12.862863899703994,14.228065170455011,14.207232011642967,12.85331474871256,13.55223437928004,8.149623775759654,8.149623775759654,8.149623775759654,8.149623775759654,8.978860147102258,8.978860147102258,8.978860147102258,8.978860147102258,2.342353537633803,2.4444513995425585,2.3961802089838544,2.5035210426827885,2.195034449801647,2.4895822333449074,2.516599048845832,2.4740522963147127,8.93952265521886,8.721905225518585,9.725849033885204,9.010851684453852,9.297768572713911,8.619710554591775,9.387686153475434,8.451286352949671,1.7850100668140452,1.5818553041682801,1.7489850619416938,1.457248215602194,1.6643265115252373,1.5329460450179841,1.5537269764941168,1.550175076435563,2.870256680930252,2.7241107208529582,2.7732036344820528,2.863386773070911,2.4038932230376875,2.6445034142514823,2.6935515874374736,2.1601277588789096
12.997282283969193,14.088747581292967,14.086758884377456,12.991742672713977,14.084481170627969,14.07828615352407,13.00570691454498,13.550770890018768,8.177086411530395,8.177086411530395,8.177086411530395,8.177086411530395,8.822326284830716,8.822326284830716,8.822326284830716,8.822326284830716,2.1949195733507674,2.4476607758541733,2.411540340973432,2.3858598639181436,2.400115763719517,2.41917778724139,2.6193801716393925,2.5073012612654817,9.098639627030067,8.573139751384039,9.426713945320444,8.964408392026133,8.785478584197643,8.602575282174586,9.365988322471667,8.818525178728759,1.7802170978342113,2.123708131644411,2.1645981344138723,1.9031775379792757,1.8585957443389407,2.0264117767446486,1.6043098755267062,2.047328712182288,2.712216590649766,2.98524993271203,2.973230113600242,3.053752326574165,2.982818462541491,2.7236814699131235,2.975037436743541,2.711430690691847
12.34511639093021,13.11704524077864,13.107103742929862,12.348736245641883,13.097166850787868,13.117568941933982,12.359501831531942,12.740727940453212,8.638232104265724,8.638232104265724,8.638232104265724,8.638232104265724,7.466902301126321,7.466902301126321,7.466902301126321,7.466902301126321,2.2148338263705565,2.2143060535510717,2.2123108783666368,2.2843657751939586,2.1868636207216254,2.2848991811904997,2.1690221391720437,2.280388430065504,8.760641512788109,8.521472706972935,9.166417104240711,8.88577368866297,9.115337856967994,8.42351009561306,9.15673061386593,8.683272929346039,2.104466332857625,2.391608764129706,1.9936104695142343,1.9440919221769335,2.406151435186269,2.199017388919046,1.97325223092086,2.1360321574505154,3.355178829953577,3.3406965985994583,3.0005956958627156,3.1492327651962015,3.324394870722086,2.9753163297308975,3.4154893377336983,3.033841495265073
11.498668627169748,11.974416454301114,11.957357874348704,11.503780870406791,11.970925833515018,11.971224945996013,11.495856906565743,11.739052571507177,8.820245495940242,8.820245495940242,8.820245495940242,8.820245495940242,9.621895216441878,9.621895216441878,9.621895216441878,9.621895216441878,1.9505378375528204,2.11065265796911,1.9993771166310257,2.1528073970066286,1.8651027015901627,2.0524133389311414,2.101316873466258,2.119451960028852,8.61506229329625,8.42203325965943,9.097560287972817,8.652364394912437,8.556536693955636,8.717488772419191,8.969873338828604,8.47330636325196,2.4062156357438704,2.4411079944310425,2.5116189718550435,2.075603682560822,2.3449551706463168,2.246325161267964,2.4009307422954613,2.175264861898406,3.46805139717843,3.117363170419266,3.5823333224243497,3.573266124876712,3.381935800651845,3.374612446298827,3.510642549726082,3.3766311882472646
10.129528900159341,10.114181051083476,10.124863412589585,10.1275424869104,10.118840052725648,10.131201159759526,9.917006510675705,9.945113387409455,8.49475306459218,8.49475306459218,8.49475306459218,8.49475306459218,8.562735877999451,8.562735877999451,8.562735877999451,8.562735877999451,2.068434345579606,2.1051890038569696,1.9893266499839095,1.943975360990046,1.990404310482409,1.9579575129542697,1.8993626261946477,2.0554290749077593,8.178420242598435,8.31489371478619,8.056267387871578,7.938231848007174,8.15620620587378,7.9649289584916865,8.091496117034856,7.940735749250625,2.6167432368428623,2.5660961804745264,2.5643204033134186,2.7831071738340607,2.920768489767256,2.5802793455367543,2.618586270551082,2.686805591081752,3.2973032071723445,3.3302201174572095,3.5465468642178886,3.3725618028120348,3.487514966687992,3.2836015819773077,3.2397597826800486,3.2949383934152157
9.768687229705428,9.75252036779012,9.760067475932116,9.766377165556067,9.76314624571167,9.753407146542799,9.482504215703585,9.492372363438632,9.669231425817168,9.669231425817168,9.669231425817168,9.669231425817168,6.421907361434886,6.421907361434886,6.421907361434886,6.421907361434886,1.8401726031584427,1.687921612739008,1.873367357225355,1.6833754798844087,1.8987542171827436,1.8609240143282135,1.9213747583130067,1.8290354245500615,7.414944742051148,7.445757627279332,7.416700587669112,7.798119879033901,7.371516730227007,7.476504226126438,7.280889440180109,7.624749260419145,2.854153427673735,2.8793985646591396,2.734731429302769,2.7012475453501508,2.9741765268010516,2.9436663349130034,3.0566005420782028,2.778900193851243,3.3819427199855117,3.334711736993601,3.7430285126801595,3.557986713913879,3.5465258735838043,3.5893404799955406,3.718034479221766,3.499688047880465
9.187356069242245,9.195731303721741,9.18742758574009,9.205870264492898,9.197574835787366,9.193031123622486,8.836884929812808,8.832541844400126,9.703765772799601,9.703765772799601,9.703765772799601,9.703765772799601,5.1190898600981365,5.1190898600981365,5.1190898600981365,5.1190898600981365,1.7865821294365667,1.6588982313498077,1.5738912047055935,1.5407028024124385,1.7785865682211373,1.595255105694666,1.539849030978333,1.593519655240269,7.259540302335895,7.2768534850773126,7.038569540025447,7.027851332647556,7.087509195437629,7.327406750986893,6.868694067045754,7.277229956240574,3.173601344261797,3.185871358359236,3.010661514754036,3.0950565845341202,3.1259352494602326,3.035819681633235,3.3836669633421823,3.4571208703726954,3.7275434231450824,3.433836169951949,3.534379863884025,3.4713178113623004,3.3762592669778884,3.5093634620233347,3.6935891732995154,3.426311177836742
8.524243841331872,8.5450882198188,8.51822608753064,8.519981482572492,8.530889344497544,8.530509087704646,8.123018143807442,8.126320489025384,9.92936243480434,9.92936243480434,9.92936243480434,9.92936243480434,5.166247287315746,5.166247287315746,5.166247287315746,5.166247287315746,1.571949919559673,1.2898415146033355,1.2940177395691381,1.4262326578515716,1.4344020670364317,1.4807040273052965,1.2997731874034417,1.371196528437523,6.945101059227472,6.610997327631984,6.699406798945777,6.779364181625336,6.887637171303502,6.780420785303147,6.345318816378225,6.632649062161125,3.827974699129337,4.069493368696854,3.7130055499183405,3.5197699010420016,4.0683608459811875,4.03355629528337,3.6566077516956605,3.9193597693943123,3.735074112645326,3.4024452680957133,3.6344974799147245,3.7846485982753495,3.6626655744561116,3.4150803809093193,3.8189982782799836,3.4565793803651585
7.650438758239443,7.653625588274286,7.650063363195248,7.667676986744105,7.6529545657188995,7.646401529560753,7.2171733450711075,7.207084364679779,9.788537925412866,9.788537925412866,9.788537925412866,9.788537925412866,5.072112313025067,5.072112313025067,5.072112313025067,5.072112313025067,1.3671189522482425,1.2909888066594413,1.3360503401534598,1.376037366451989,1.5209086564833456,1.481680254297619,1.3736380280454363,1.3046195670621419,6.686220912200867,6.44363945955091,6.465564125422216,6.361170146175618,6.417895865485375,6.468136173321783,6.309199179618392,6.402326067251023,4.148649894103073,4.305500857391578,4.164633461261619,4.020368172442992,4.221504402824476,4.345234700565789,4.582401899162879,4.4536717655275,3.628699562900742,3.207877362454009,3.296248453673796,3.5379772320015603,3.4563992229171117,3.5623680510559788,3.3835479399616517,3.278318358318202
6.767653383448305,6.752953702202921,6.756247624725122,6.7514685101188725,6.768556094373995,6.766779185180762,6.328547200168112,6.333553239387221,9.46569110135337,9.46569110135337,9.46569110135337,9.46569110135337,5.084400139592793,5.084400139592793,5.084400139592793,5.084400139592793,1.4653885542934517,1.4285132104516203,1.3478490854356915,1.4444248415179244,1.5029481627177579,1.3389583281909099,1.373853725689744,1.2765155269085513,6.385318146889687,6.059936809617765,6.039868865472513,6.273731513784751,6.049147167755115,5.995736614159177,5.898639935929028,6.293344269808206,4.238905652929035,4.579685313152042,4.371312209485401,4.360679585323026,4.830241985805295,4.918485948602338,4.886586686626304,4.694154085429841,3.3996282918776037,3.0846453294130187,3.515886204276062,3.4100687478711156,3.050332677985085,3.5142865124166582,3.311376349300021,2.867836118459916
5.803051679586214,5.788283008027971,5.786591465917215,5.801622458122781,5.781506461598348,5.793568918647157,5.420067640094225,5.42622041467174,8.794437649309046,8.794437649309046,8.794437649309046,8.794437649309046,5.332133903563044,5.332133903563044,5.332133903563044,5.332133903563044,1.3952755768105405,1.1145876986181071,1.1074592551522833,1.324811971999702,1.1943604628632483,1.0900337901434294,1.3140706543835994,1.1250744396375283,6.048577780253325,6.125927873911767,6.112181887930701,5.655430442205053,5.820943506458015,5.925125000463832,5.456478982843642,6.090876574323524,4.326408142391791,4.59907679425357,4.265624491671287,4.533465270142948,4.636339553972428,4.491369593922835,4.372016163505386,4.733296186288924,2.6468188255708944,2.5526661134031863,3.038534029616159,2.742857289253351,2.680346510462643,2.814623565649656,2.7060573484236086,2.595322950312961
4.796481168158527,4.774491164771385,4.794729892298278,4.796483280705749,4.797897678764649,4.7930571163124664,4.522208666042775,4.522065060178247,9.352794845888745,9.352794845888745,9.352794845888745,9.352794845888745,5.2843795395920035,5.2843795395920035,5.2843795395920035,5.2843795395920035,1.2854177546278869,1.088467911813938,1.2142516526227447,1.3137158872134498,1.3010024147346129,1.0915795324799376,1.1644068090199453,1.2494357241424938,5.480486334314159,5.421628726678172,5.20499966429516,5.5805123811211494,5.362525728802413,5.215862586855502,5.059815711175929,5.194732917065073,4.015284320807683,4.384222180256636,4.21725258231228,4.026299164348606,4.243745285339688,4.391479693449076,3.9944297499070087,4.180314867866595,2.3645680008560332,2.195436345105648,2.342585969181423,2.453876035306149,2.3350686556463622,2.510003548482158,2.4287804993997337,2.2999721507777684
4.062767648873474,4.066655544638756,4.076705373179899,4.0880254429223815,4.063394119019541,4.083525388702969,3.8707471539985137,3.888572963748823,9.942376177474339,9.942376177474339,9.942376177474339,9.942376177474339,5.2292557343650605,5.2292557343650605,5.2292557343650605,5.2292557343650605,1.060915417415407,0.8928450082201682,1.033453139492537,1.0215610864069913,0.9492222032613096,0.9638758034749837,1.0359304025680125,0.8908805332884532,5.377730867116238,5.436072523818824,5.205900813023703,5.140301224151674,5.205072822601918,4.977375829237463,5.131986111520443,5.062959268055062,3.2192436009274736,3.2279134415982926,3.237873712932218,3.3030710846026015,3.6889071072081596,3.5542546841107856,3.5544725330408307,3.2337658882103777,2.100372927304651,1.82890715334374,2.004916496812663,2.0427923601857776,1.6317488023181823,2.034762798931236,1.9133822404798075,1.571387611171107
1.8812858092871025,1.866936863195689,1.886061613517042,1.8724572548391765,1.8902433445783755,1.8908306800079504,1.8093592942584358,1.8112683650295185,10.15924671814882,10.15924671814882,10.15924671814882,10.15924671814882,4.802110850421578,4.802110850421578,4.802110850421578,4.802110850421578,0.7343160382286067,0.8558284143027809,0.6826562854641639,0.7022498065888938,0.7538804599398887,0.8068867647559532,0.8387848083100595,0.7880576922895616,4.550758668734868,4.5989085797697475,4.369545336889058,4.6079289896292615,4.75058631401174,4.677322435034457,4.2114454876603995,4.451169045250231,2.7260882205496983,2.9585090839760384,2.841853899397869,2.926414727316287,2.849951205380981,3.1175191891207037,2.6696481787436426,2.8494429944091157,1.5808936966835498,1.5095979780947557,1.605730465912764,1.6065703729450924,1.7060993509521936,1.5105305283451553,1.651376531450065,1.6408379676662284
1.1177386253291217,1.1057499729053568,1.1064213737718875,1.1202645724435176,1.1196350949645069,1.120590578128281,1.0850316516538878,1.0748852891002836,7.773149459606981,7.773149459606981,7.773149459606981,7.773149459606981,4.912722838272749,4.912722838272749,4.912722838272749,4.912722838272749,0.9228018315508191,0.7614673056263052,0.8555197458270127,0.7921228124010492,0.8119089176130609,0.9238499979647802,0.7942384767158833,0.8374446180448804,4.102830352431331,4.173992141308934,4.540829863439969,4.353697222936098,4.258449728955084,4.27463295175671,4.3348234390827205,4.537862413068375,2.5996701372589195,2.568479404351598,2.4525132535555083,2.54700034998651,2.287162074677242,2.326826609117125,2.69608312500708,2.500580063079468,1.1659180018970652,1.2179124192690864,1.010634615641683,1.0416171671140588,1.2034336969517636,1.4447706377906804,1.0536545989317265,1.0612498454765553
0.3762914631379047,0.36590208408737435,0.36060930153377696,0.3739015117188613,0.3689645702370139,0.3824667803402396,0.3625189486263394,0.36901397226661414,9.222409127127168,9.222409127127168,9.222409127127168,9.222409127127168,4.644699054931277,4.644699054931277,4.644699054931277,4.644699054931277,1.0174965103465607,1.1204178087182275,1.0266152320246968,1.0743974175396642,1.0811893133412243,1.005313558215049,0.9499559186531558,0.8983965118879743,4.188829022361923,3.894651181216018,3.910436146773345,4.195212301056045,4.00297112150279,3.8937471589480777,4.247789708386932,4.07483922151734,2.2251203875620535,2.2668255144435268,2.1092621449992435,2.1214878486002826,2.3018381300331545,1.8985819722303547,1.9401024906194928,1.9144701218388862,0.8993041259011736,1.1624824312216298,0.8507548198252671,0.8465137277994641,1.1346912728825975,1.0999789838721425,1.049312600734116,0.9444112422490529
0.0,0.0,0.0,0.0,0.0,0.0,0.0,0.0,9.265930668020896,9.265930668020896,9.265930668020896,9.265930668020896,5.026428562284146,5.026428562284146,5.026428562284146,5.026428562284146,1.1338378722189464,1.2891788634224233,1.1376130004508196,1.2177355082864494,1.1969371058277096,1.1920384985336778,1.0973967637785054,1.2119104059963826,4.015587821500128,4.410362554411607,4.101296485636582,4.03805646997192,4.025256270565382,4.368564185265733,4.142610681863462,4.290313930188617,1.250603513628816,1.4025040713567336,1.5416166492362935,1.6173028002863723,1.4839796045613185,1.6676402948026074,1.7433435047978159,1.7225013272753684,1.2111831245846392,1.20301051652904,0.8617509651948055,1.1486190969458376,0.9372575244470386,1.17699831969375,1.1859206602548795,0.7954773465265303
0.0,0.0,0.0,0.0,0.0,0.0,0.0,0.0,8.981623305235368,8.981623305235368,8.981623305235368,8.981623305235368,4.794288048708373,4.794288048708373,4.794288048708373,4.794288048708373,1.234312804181536,1.2283574535049855,1.0863159546456391,1.1379852784660889,1.0925892317185566,1.1697344500440447,1.2258048086673277,1.1359698786742218,4.058758054892801,4.382763929954775,4.4461038544227,4.05083127878458,4.285091255250783,4.229210162840335,4.160847605763519,4.092062636534207,1.0500107019717166,1.030291527267342,1.0797268551201424,1.0775375864946874,1.1148712507940752,0.864165778003001,1.2907118483413014,0.9381415688935767,0.7356448783538314,0.8922969634222229,0.6544485283819362,0.8664761909583564,0.8197595561173299,1.1492493586384878,1.12781914686524,0.9485343138726701
0.0,0.0,0.0,0.0,0.0,0.0,0.0,0.0,9.368888907985708,9.368888907985708,9.368888907985708,9.368888907985708,4.34698480734948,4.34698480734948,4.34698480734948,4.34698480734948,0.9991184233798409,1.0439010813810883,0.8817180146568862,1.0900016889066373,0.9106548311969598,1.090907776098068,1.1220091465484436,1.0950822837101224,4.635464250668029,4.340460869197172,4.274378378485503,4.373783816951592,4.337571312813948,4.230888937671995,4.442128024242086,4.582900677882063,0.9284023332603536,0.5871666848110049,0.7048381666726151,0.8109333127710127,0.744139128093672,0.7428390525027343,0.5625331587388662,0.7138655337755324,0.7895357671969452,0.8793479865574212,0.6257559444578599,0.8646233970708561,0.7758738473194391,0.9260518522648219,0.9442381930859335,0.6459865012544154
0.0,0.0,0.0,0.0,0.0,0.0,0.0,0.0,10.062476116597729,10.062476116597729,10.062476116597729,10.062476116597729,4.869791095214006,4.869791095214006,4.869791095214006,4.869791095214006,0.6783309154585598,0.8192130717033778,0.8336808098914226,0.7486043537878364,0.8254956352567925,0.8816530421249849,0.7394652928850167,0.7260330236559807,4.620503094145288,4.393973518511797,4.490374489009652,4.559760057196696,4.344696694038819,4.736772589162083,4.702359275508941,4.5383476145833175,0.6846931795170506,0.7692069639901611,0.8864732504130669,0.9374357479252904,0.7850363207787703,0.9019958826544278,0.7870264256310076,0.8213507814064601,0.7623380747449581,0.9494607683378602,0.5551667815908574,1.0212889630250095,1.0382103137323249,0.90863241436662,0.818238414308125,0.6665572566184562
0.0,0.0,0.0,0.0,0.0,0.0,0.0,0.0,10.062476116597729,10.062476116597729,10.062476116597729,10.062476116597729,4.869791095214006,4.869791095214006,4.869791095214006,4.869791095214006,0.7242470330060136,0.691844148793434,0.5089218078967603,0.5612959097758355,0.4943087265476762,0.5203983543110919,0.5801996531316805,0.5722757498347812,4.80621376051454,4.389688003025846,4.533252030117122,4.69642787217744,4.841665420438279,4.670305442695489,4.777020559126823,4.402397513812067,0.6472577265753348,0.5107632113222318,0.5708923162972663,0.7184357694840751,0.6734927602040097,0.9328955080349733,0.6588333409353984,0.519141601363905,0.9818710891982956,0.9404657613007208,0.8628777059443663,0.9792616407787079,0.5683170807569413,0.6419601593423909,0.7536168899526547,0.8566731731439375
0.0,0.0,0.0,0.0,0.0,0.0,0.0,0.0,9.867163802974375,9.867163802974375,9.859600364081425,9.859600364081425,6.746286870130512,6.746286870130512,7.241108701714608,7.241108701714608,0.5414381145088898,0.6537345050962855,0.596583501402014,0.7023901452685196,0.5650844066025849,0.506990130416054,0.6251734162171396,0.6116611893789952,4.3957365916299596,4.508991383487743,4.5461952362843,4.723062363768151,4.739402555094311,4.600027095752618,4.456576492207256,4.706425833259568,0.5035985128367884,0.9178552527001045,0.9438848991051003,0.9461993979577945,0.49381979637732526,0.7845541626381313,0.6102537937198684,0.6415579515024799,0.6688781856607886,0.8779880869102992,1.1258191957271997,0.9101951329675153,1.0097688722840965,0.8961089740511652,1.122544008612217,1.1285620618072398
0.0,0.0,0.0,0.0,0.0,0.0,0.0,0.0,10.112783321883771,10.112783321883771,10.693757394118602,10.693757394118602,7.418017295203544,7.418017295203544,6.179837928407453,6.179837928407453,0.7463800139012141,0.9198693592295646,0.8957948883606882,0.7452470085248365,0.860429888718995,0.758026525405213,0.8554100797066192,0.9137301899932926,4.738404309120996,4.62150382524079,4.782226166379398,4.550364319883199,4.8488596502873,4.822228034493517,4.630821710555741,4.757509569408417,0.7113933136017182,0.5063626131965234,0.5568419316882598,0.7191649061528856,0.46806127859757773,0.7906088997751411,0.7576196760112952,0.7613766190159577,0.8204367106711921,0.9976034741298184,0.6798024286846318,0.9881268797872426,1.0955609539715507,0.6776787497218912,1.1097445803379233,1.0511393311628492
0.0,0.0,0.0,0.0,0.0,0.0,0.0,0.0,10.772060712234463,10.772060712234463,11.28589877712885,11.28589877712885,7.1239709632035195,7.1239709632035195,6.38499830545852,6.38499830545852,1.117961119474316,0.8881957703972524,0.9311598617935818,0.9990010620915682,0.9844630810046591,1.1101271448593641,0.9449115540217188,0.9426508186661645,4.95208095343594,4.550704601165311,4.734577728791377,4.980181523326077,4.888906126600221,4.6805933224819665,4.900338311234233,4.6501304316601,1.035220442610151,0.5903588807953352,0.9006772752248362,0.9610074247682399,0.9098686438011244,0.5756812507441817,0.6891083097849671,1.01494280084268,1.0184862397074985,0.9857918114931091,0.9294186299254938,1.2105432914532275,1.1478148687904746,1.2021051267223832,0.8634750619798084,1.0261745533695035
0.0,0.0,0.0,0.0,0.0,0.0,0.0,0.0,10.397961016551575,10.397961016551575,10.48269890020534,10.48269890020534,7.181055880991979,7.181055880991979,6.6307561666796415,6.6307561666796415,0.8976455510848733,0.9636591830690258,0.8834213864911016,0.9401447784534719,1.0085386362599007,0.9721676248262865,1.10516961481352,1.040535706568151,4.942077491007733,5.077488316766625,4.830489951029006,4.6820686338340645,4.7471083431203285,4.757902579182862,4.78425560954581,4.786361821454431,0.8583500120075009,0.7557759597384733,0.979721491807276,1.109735315049312,0.769462269868352,0.7687222731594682,0.6630945934777269,0.7510485547802048,1.3365160957618847,1.3223898125588762,0.9806808639056375,1.0278895535512393,1.1285311182678417,1.0407864125218194,1.3044954021968098,1.1562215551365045
0.0,0.0,0.0,0.0,0.0,0.0,0.0,0.0,10.210372328035401,10.210372328035401,11.209310194022542,11.209310194022542,7.319603565076584,7.319603565076584,6.770442909062176,6.770442909062176,1.3561048798123392,1.392609668406628,1.5236144690165303,1.4509859787324344,1.3803714360982517,1.4245418630399183,1.4125290123407868,1.4607362685086014,5.146347991243534,4.804114781284397,5.14822022520852,4.854653693936741,5.007696213863384,4.968749483171683,5.145532923652844,5.1192768923045255,0.6594957031820421,1.0316887109805937,0.6680857711892352,0.7645000757434944,0.7551060137840527,0.9424462868081905,0.8571659661496753,0.7871196869319798,1.327898229132727,1.1622366386102931,1.3477105834056617,1.1103854936892719,0.9432883241832262,0.9304883769510014,1.3488211449045187,1.125571217824359
0.0,0.0,0.0,0.0,0.0,0.0,0.0,0.0,10.521172558133896,10.521172558133896,11.51259214125967,11.51259214125967,7.64217433128325,7.64217433128325,6.430739583943315,6.430739583943315,1.6554809364537877,1.7030224024839118,1.5791069211963777,1.6716972508014296,1.5703809935802244,1.5939207748367719,1.7064720104575497,1.6319185249045172,5.096548570545781,5.060592783835685,5.038802451468412,4.810434796702457,4.881314761201666,5.017042556859819,5.200769605963425,4.811112441916753,1.2357088622427332,0.8154218945159389,0.759571731981174,1.143315389742336,1.182322541578035,0.8866173005547401,0.9804285192002897,0.9667356623276107,0.9988494794043945,1.0490047964857154,0.9720493509585647,1.3036460613364782,1.2090317258525671,1.0314310865711607,0.9641845609280311,1.2471977665279992
0.0,0.0,0.0,0.0,0.0,0.0,0.0,0.0,10.841043642440534,10.841043642440534,12.555385059020157,12.555385059020157,7.159573046707078,7.159573046707078,6.076432716459506,6.076432716459506,2.0697752765346165,1.9517551304196246,1.9833176442505063,1.934622583871566,1.9187706369855229,1.8840017154916497,2.0742031111328827,1.894848766459088,4.987172432768758,5.008363995650546,5.296240609547412,4.962742941688669,5.240081385786886,5.133184985643954,5.007795537589858,5.185316754386985,0.8615425654487634,0.8752759804554703,0.980814984897694,1.225950821985673,0.8580054547651852,0.942580791203423,1.305193029810508,0.8658385736670625,1.2338509581709656,1.1058823333779664,1.1123772858233425,1.0976958595609605,1.0764402658782997,1.1617249144512312,1.0866835294142831,1.1185734012717392
0.8941598764362153,0.8987076956676198,0.8714912984311416,0.8995295908440841,0.8783839557019448,0.9152433173041987,0.8892768503568371,0.893642835227621,10.83583155898401,10.83583155898401,12.85367687587945,12.85367687587945,7.4358518460789815,7.4358518460789815,6.527415919754519,6.527415919754519,2.1071648781186014,2.1735446320669674,2.1780782888769905,2.1534853867534953,2.0871822102650412,2.2153848696689162,2.116745466844262,2.202854644838534,5.2229260062084215,5.451522125140251,5.315271354709474,5.163054987048646,5.591664969026634,5.531815416885709,5.456540440690482,5.505919572643046,1.1380745031639825,0.9657492460381348,1.2714472962837386,0.8929309549247362,0.8639639127440091,1.0265354166119625,0.9189964765188814,1.1611374369373013,1.1925271227850072,1.2172217619753962,1.3773502672907805,1.2821026690225794,1.2202901330999238,1.4291558398464739,1.5267958191476336,1.585662268382387
1.3998649400693142,1.4368123259360386,1.4135258670659125,1.415718565132804,1.3870939514342988,1.4580997156272968,1.4568724030301654,1.4473911972921347,10.865492216871381,10.865492216871381,12.817607986097109,12.817607986097109,7.720282166683488,7.720282166683488,6.987565230765877,6.987565230765877,2.4972200121890515,2.446485275507201,2.437624729726955,2.3025441272685505,2.317536796561581,2.426074518720686,2.3461152194943393,2.4823686132589606,5.68750914176011,5.553978022840097,5.524383721997789,5.709102534110566,5.569186608733932,5.527749752518043,5.849092373785185,5.596766330762014,1.364698729641605,1.0632780461398887,1.2167968526051811,1.2637418498433945,1.1962728886073777,1.0342684313082464,1.409912329883353,1.1174949798062541,1.6906289871634814,1.7772688622330906,1.5523682884705057,1.3243036375252668,1.3321714832041216,1.301329921578686,1.7300346600124785,1.6246825249550683
2.1521077507729065,2.246735071027379,2.1515879526525463,2.161487860334974,2.1618172721892743,2.2512297861728334,2.2518800986520406,2.2436104644564727,11.29836808296614,11.29836808296614,12.858720653051384,12.858720653051384,7.972992450371396,7.972992450371396,7.414171886241882,7.414171886241882,2.7924383470203313,2.6433240726284546,2.7317609199333335,2.8286897886502627,2.809130539848432,2.6800927697404004,2.677104679634846,2.7780442681940274,5.808714263274851,5.737918616255341,6.001722760658115,5.886994659614349,6.2728016709641965,6.131896041410288,6.1271557087991475,5.692549290511646,1.2264094913840395,1.523282428181386,1.4625797299762846,1.4879053008598342,1.4106819579431746,1.477378332069829,1.5283518693120914,1.2591695022654896,1.9227485035161904,1.9727543231098372,1.7418549322511614,1.7689926844638109,1.8242500698063147,1.5720352582642332,1.5489030097124021,1.5516573777000997
2.5845787671334577,2.6943644106596114,2.5809881224290563,2.5748067585555914,2.5671202571083005,2.695485912285576,2.7078321723443173,2.7047074497776826,11.511633704929233,11.511633704929233,12.775105245848728,12.775105245848728,7.214299291716672,7.214299291716672,7.844846646614851,7.844846646614851,2.8908384792792186,2.9704013239397433,2.7539848668784623,2.92035378761923,2.809702553974407,2.8287008602233508,2.788572905863931,2.9656046396229674,6.006948186318098,6.142523102884413,6.411500989692178,6.034083452521607,6.456124538665402,6.403651446554397,6.473177104695056,6.329138086950455,1.1757925044396142,1.1623405689598731,1.1714470177041585,1.2964122960728939,1.3655680350261337,1.3250656082753758,1.1529035839166588,1.49169713712402,1.7862839377866455,1.8218910897059455,2.1705216161434406,1.6730653289332296,1.697902954855034,1.6675767111419741,1.930988891008877,2.0871445202279792
3.145557564571589,3.340201050795797,3.1397283104793257,3.1484763134776483,3.1343391325637997,3.35436820810437,3.343744135637911,3.3333049777912076,13.108113161413824,13.108113161413824,12.887183840129909,12.887183840129909,6.592212135323413,6.592212135323413,7.938966113726897,7.938966113726897,3.093158660772345,2.9934363089378797,3.004986690491789,3.112735839382226,2.9647661006208863,3.0133822522725753,2.949782302104441,3.130436182613401,6.176826680556973,6.190611517249112,6.598581514427528,6.34479611815449,6.703649855769687,6.111661276944108,6.877640470113249,6.084825508090664,1.1809360097350634,1.2512429931259574,1.703241024689321,1.2625770653965072,1.1849666274367834,1.6273616936860382,1.4033275146491038,1.7392533566731325,2.0622858248997806,2.505337132502885,2.340055610931373,2.314322015120699,2.1162180894803817,2.2165336645213642,2.2789662598773974,2.322933455502492
3.5345060865542655,3.7971970790558065,3.51706108608553,3.514335889177013,3.5139534948361573,3.780588441555164,3.784263514271454,3.7866280529437186,12.31963339578738,12.31963339578738,12.821441302854696,12.821441302854696,6.732703820639555,6.732703820639555,7.047901834776956,7.047901834776956,3.348376748538087,3.1509696445263944,3.28535836572592,3.4915616438081574,3.131161246351338,3.118213289434691,3.1846136010557764,3.294434193350384,6.277425921281773,6.511406349865854,6.641097822223919,6.442167100882375,6.576500884715201,6.494709593169306,6.6279229390411905,6.070581621399843,1.7361082321896606,1.4948824580052444,1.510357940007311,1.5267729947859772,1.6809443889837001,1.351703660623315,1.5382172810960262,1.3870253221911681,2.340722200104551,2.6573561264716368,2.650642434849485,2.31426178125437,2.4064132238530265,2.3640673738590112,2.714447572117268,2.5748077499788597
4.209576278908159,4.516634080791113,4.1869701110213775,4.185046081740784,4.1937482891298385,4.5277393979130744,4.499939092260757,4.524063384175595,12.77791584808593,12.77791584808593,12.54815057048381,12.54815057048381,6.716364369588224,6.716364369588224,9.00223829634151,9.00223829634151,3.216493908588509,2.966105405084531,3.0066862937657386,3.199259767209077,3.0332964067250545,2.909458040679596,3.027443154261464,3.2875635911323755,6.377883685337446,6.413110939565328,6.752712575641931,6.3128036579731095,6.628958958393561,6.6425135023871205,7.063774257575967,6.295791607445988,1.7282507738843271,1.8513861197419756,1.7723533663011972,1.5779959734542042,1.5339561341134182,1.7400855995047697,1.941209168122373,1.6719093616056082,2.386578086589763,2.365424287714028,2.549143057956127,2.1578041510865886,2.1162927957584268,2.218266063857359,2.409111446857443,2.548139106527643
5.077530868444497,5.422856934304979,5.090301688594435,5.078666720695875,5.102432866971596,5.42621509661928,5.430845381854513,5.407000998785236,12.83684986871572,12.83684986871572,13.345292241329233,13.345292241329233,6.3211649217304835,6.3211649217304835,9.311549422341532,9.311549422341532,3.1478905376641593,3.131373304568959,2.9988382687045987,3.209032621699324,3.1134216948072058,3.0259435551515472,3.1183681954535722,3.092876410584419,6.18089205790762,6.166871763923452,6.909079907306043,6.304045109258148,6.872475247375049,6.430650331132705,6.6883421387161315,6.082042118058663,1.63687544974273,2.239268878319226,1.7906430326268268,2.003846787539472,2.0582734325084178,2.224746186990301,1.9035844356121165,1.762559729352888,1.6443970643860215,2.081188688638304,1.889967502277194,1.7428872150822392,1.5770612294324036,1.9383896510302074,1.9001083639002099,1.7463776391823038
6.003597021245883,6.321341979107055,6.007608914296497,5.988724636764266,5.988407814994836,6.305714006235715,6.3300987108475555,6.321899819647523,12.388074206997523,12.388074206997523,13.62754394317978,13.62754394317978,6.129611948462354,6.129611948462354,9.524386700183966,9.524386700183966,3.039905511583229,2.7715175804562806,2.8342052366558277,3.039421439464573,2.8756746218183435,2.8686261946310183,2.9548030993837218,3.0841261007449683,6.269533073464545,6.393391795220623,6.929351929983718,6.396013796727419,6.65804190607623,6.39520827294327,6.591109330902629,6.548395905351762,2.124422634404715,2.314018741350012,1.9183395554363567,1.9781687760425026,2.2210361199648228,2.3268073234627056,1.9643497392013225,2.050352706975916,1.4257847295957755,1.7695775945575132,1.5809233946530241,1.8444886013527255,1.556063011474342,1.8192456255099765,1.8711310439194493,1.4430447170617031
6.946601114808267,7.235608959970159,6.921597860969882,6.94373986251097,6.928938750795824,7.234954661493014,7.213612472670431,7.236239468659134,11.916650387403633,11.916650387403633,13.240666649944936,13.240666649944936,6.859127900022817,6.859127900022817,9.396126073172935,9.396126073172935,3.090189174202101,2.9971398233360653,2.8866759623350733,2.9578106359467435,2.9829552164448256,2.786022856192545,2.928476603819574,3.0255196148876187,6.939383905596348,6.5556738064239894,6.966897404946867,6.57981237482851,6.970832285612557,6.982972021168743,6.910037118856963,6.878856573137172,2.199105930322018,2.1694405101351677,2.022858146271896,2.130629304203917,2.1961591867831896,2.000004199091421,2.1522929461637643,1.8823765364004266,1.3411335598759169,1.2624423135279965,1.6426768663213058,1.2645526347153428,1.5208272198430692,1.5462064392498098,1.5438917959914256,1.4146798999917602
7.877007136118522,8.123713562192632,7.875647621213277,7.870205860835272,7.8787918221529125,8.115228814308876,8.111911129971295,8.139324513804619,13.134759627306318,13.134759627306318,13.326210305964395,13.326210305964395,6.608829228796179,6.608829228796179,9.81855512823454,9.81855512823454,2.819853922849533,2.7502512603932234,2.742867974453995,2.8692083341870473,2.6886702495879606,2.6848992233999107,2.798312357897157,2.8479059516963128,7.06919926095674,7.076076147653597,6.9461480113833,6.747272412389517,6.9924403575132565,6.857510198635014,7.198156401928308,6.760860273798204,1.9631579181406678,2.096139733809931,2.1985734413493483,2.028826783721577,1.8367154702493251,1.9159516425114302,1.898590103071802,1.9916233410592874,1.547194622519828,1.1673212898531218,1.0913454769568993,1.279407838396303,1.4775893754505351,1.172144359204109,1.155092602191774,1.5360802916235528
8.849095915168508,9.02027116695755,8.837906728302407,8.846944748199462,8.848317127133575,9.033295865338546,9.029051574021537,9.037765483020666,13.111028756485753,13.111028756485753,13.93282366239704,13.93282366239704,6.283289269647254,6.283289269647254,9.75108561251256,9.75108561251256,2.8119970880417484,2.651906945088799,2.6327766702553634,2.8456245300644354,2.666798492871746,2.7282518786034,2.7736247733098502,2.8075329843196144,7.193195486357605,6.7696260580274314,7.312614335855959,7.196091623012347,6.960908121382337,7.125579297948633,7.20693474149139,7.08401911979679,1.7489335251375313,1.8381371404967664,1.8867314580215178,1.5410744356467283,1.5027055089144867,1.80731063062443,1.8060823089750104,1.7758169710624203,1.2259193519066747,1.115224163745823,1.1464084885034178,1.4462296503339596,1.3343521167455392,1.5170797594270689,1.137654761468893,1.478710821768713
10.133395599154477,9.929076425988567,9.739325137744203,9.727903516576315,9.935738037005155,10.132066638206084,9.937846030296393,9.939468485753602,12.695394123385613,12.695394123385613,14.079370437701789,14.079370437701789,6.149098407897023,6.149098407897023,10.062255168479316,10.062255168479316,2.529158029670374,2.5628598551567725,2.509484186532872,2.601478001355102,2.7170305436340776,2.605773412461576,2.468513440827622,2.4515668458276214,7.440595759223045,7.133851628515057,7.242659469861831,7.243437897729103,7.441198307602589,7.4637296407768945,7.218436159926678,7.624184113423424,1.2503153523081574,1.6702050990242538,1.3107020473193327,1.354099062019185,1.3618140060865238,1.6313769015487238,1.224411969466253,1.262092771136337,1.563813407016654,1.5674321598762828,1.433427172019393,1.4151903874878937,1.2376548646903884,1.224314615972766,1.355362426317251,1.1616449182667334
11.143157935850471,10.828547893782709,10.51173268665844,10.5101710453422,10.820840821630867,11.1593874097591,10.820390311918413,10.841820398232628,13.162867995876342,13.162867995876342,13.812625853837732,13.812625853837732,5.904773091786467,5.904773091786467,10.387671920487062,10.387671920487062,2.749913464887179,2.671329703136229,2.5011947718472185,2.61105651081334,2.589087476779972,2.5534437994621118,2.4297615518107785,2.6130941379788712,7.854743645502582,7.7588361584444705,8.019791568235556,8.07939618376935,8.342429960250556,8.092167329398142,8.11613211961123,8.389344801206727,1.21438601624542,1.2772736883580122,1.2761624496681896,1.4562447106126362,1.4220886843539975,1.12915128685278,1.3490222263996503,1.309132662413348,1.3702415798944028,1.4924841069318746,1.4669054084169821,1.4680176595143566,1.4814397416626717,1.5167460076302275,1.1137509079142356,1.3623212794847341
12.197098225837033,11.721788907504918,11.26783434867281,11.255324177313978,11.736236527393133,12.21120549349,11.726834641437621,11.74483061481616,12.99577294533596,12.99577294533596,13.45616973300855,13.45616973300855,6.146661123274893,6.146661123274893,10.834657997318324,10.834657997318324,2.3767190281024266,2.2842323201401973,2.3392255846218695,2.1932437007755685,2.428951069234293,2.28295981015206,2.3856484686603516,2.251242847241928,8.701922991066613,8.66159368467326,8.334352917043047,8.780613057133177,9.118831021475186,8.98944939937861,8.498806770018653,9.242850478005794,1.2090476136967818,1.3094273110261567,1.4939100661586848,1.107776745834478,1.3964621593284687,1.4181318072607467,1.335120934846942,1.1480158459677297,1.5192847117334134,1.4440413197762423,1.8042881594365106,1.4095900478951362,1.632359361613941,1.6378289725725308,1.5237236292614385,1.632321195904359
13.271918172299147,12.62470581298792,12.004459823045643,11.998722475397248,12.633766787809845,13.267368839589253,12.635019410695815,12.643771775667624,13.333036693697615,13.333036693697615,13.352382859780988,13.352382859780988,6.617898221314402,6.617898221314402,9.969848364608836,9.969848364608836,2.530063674530058,2.505710321476707,2.295399304051167,2.377376600829411,2.285310059871321,2.3496764705125597,2.161556698649209,2.3332690492436985,8.542134414452201,8.464318446179519,8.401386282680617,8.276211366845097,8.72529317031675,8.978000930193561,8.447226290476776,9.271516171344627,1.0380007002374498,1.5009847330172135,1.0489206371257056,1.1790402283372456,1.1418765922200516,1.3766858483717364,0.9127434636847689,0.944500965200327,1.3855607057374741,1.6049052717595762,1.3011035105721676,1.498650019905193,1.633362783995726,1.1814005512121084,1.5319255079186385,1.522632609912358
13.878465440132404,13.101958982206835,12.31461633661223,12.291866605026318,13.101906006208415,13.88068184925907,13.099512097147795,13.099982020451563,13.83579214294716,13.83579214294716,13.801241252477313,13.801241252477313,7.489334310915144,7.489334310915144,9.87130190986431,9.87130190986431,2.6402811819284033,2.4987383864693853,2.4870387676595405,2.302127231234718,2.358508142335592,2.347359823743279,2.173995070047215,2.260912404550713,8.266779247475919,8.01904992653959,8.07746503261714,8.032738184014946,8.517838195840865,8.572847564935879,8.3855152239627,9.11161022905754,0.9636948242063329,1.197608331337237,0.94227699682772,0.9260072105895588,0.9885523306236512,1.3355121534185226,0.9119549767596273,0.9284506069504335,1.3501461898629745,1.6926576010266594,1.6893721434478575,1.2414654863955814,1.5831286972661134,1.361018802194006,1.1627946126169633,1.3125517892242755
14.308301422223694,13.353351125638715,12.413756301175239,12.423672306382725,13.356257641586458,14.295456476883771,13.362068870438886,13.354737852076271,13.881388593756952,13.881388593756952,14.038935063478695,14.038935063478695,7.71434470779216,7.71434470779216,9.712396135287069,9.712396135287069,2.2394781401332726,2.173385857387652,2.26726844847945,2.0412389592420546,2.2439396129009204,2.269090108140836,1.9624050362031857,2.0248000775965003,8.106722989398218,8.125565743647043,7.768570416864533,7.950490181354624,8.573522335327432,8.530064288328308,8.088741423327955,9.3674852114003,1.1254904435724205,1.2654113879881166,1.0333404198757419,1.483441064639524,1.2551234641265474,0.9644079664734899,0.9252240656141575,0.931753770179744,1.4854884816342109,1.6156221949087108,1.9513194627275505,1.479329107424474,1.3758622865776644,1.6855994061946715,1.5868281609124208,1.4827728880583786
14.478619915234349,13.547257814806827,12.583108575804406,12.582601522334409,13.552757599734578,14.483713409772836,13.530911949402293,13.549402375326954,13.881388593756952,13.881388593756952,14.038935063478695,14.038935063478695,7.71434470779216,7.71434470779216,9.712396135287069,9.712396135287069,2.2685517481460966,2.1566233490514906,2.228925471347196,2.115541072279211,2.2881823966931654,2.1361494812587707,2.0898997897853246,1.975060404691252,8.421310474587052,8.339117341843519,8.121160900313184,8.2328391267658,8.94190407840891,9.036046981830227,8.266503641953152,9.63684182551647,1.4662118911598778,1.5518446060684281,1.1814438060298085,1.580510325527575,1.3727816941678528,1.1563826228115406,1.3717504213326785,1.0966799467885722,1.9326100139899254,2.0720877174897026,2.1345407303799093,1.7350996380512027,1.7156880018021397,1.9769842465464713,1.67012893215784,1.6989481389479675
14.354850174460651,13.553475793013343,12.73604737824525,12.716502453786271,13.549376017833215,14.361222253931404,13.545024135213469,13.547090505862382,13.8890684925825,13.915991550415287,14.342163883522677,12.388268305222539,7.61633261112454,7.9035078188994214,9.310042328605372,9.96542425613957,2.3717114059985773,2.283585907219905,2.161962668370749,2.1601114999093496,2.163255403764629,2.159127354299101,1.9431218214086445,2.070497231663672,8.29069792731439,8.349174942113297,8.28710634533813,8.595854774176809,8.886148186323817,9.23017978895033,8.610046516929673,9.420737001243817,1.7348976406610717,1.5278496929102063,1.5868787925934318,1.7697518846795135,1.3440905211895613,1.4669936839959674,1.5072397547359406,1.235330807546409,2.1978519509188055,2.263097040542668,2.437439588434073,1.7521314532821175,2.1963929038081,2.2157278446331086,1.7770571055571762,2.1491711005587613
14.219583550785227,13.531548952735232,12.861671312863475,12.86144612755959,13.53192684434899,14.229425064416604,13.531607100286026,13.54853509265843,13.058051703760203,14.403919254205558,14.5,13.436141027252265,7.743443485502829,7.325103667897846,9.008531119727385,10.604986946063336,2.4330971952360456,2.3417539444670368,2.3235725611552285,2.3099147437169054,2.379348013461364,2.3073449552537317,2.1579528878528325,2.249877097463475,8.82885404852798,8.40178287204735,8.488451776859549,8.469136270636941,9.16751623425457,9.344693439029525,8.827509898104617,9.615492791973775,1.6971668221764655,1.6226808474513328,1.5907215761384097,1.464548100160446,1.5621423136742885,1.766812597727521,1.2937124146391645,1.5728561198575504,2.78113927705084,2.3760628852183063,2.83295093622968,2.5925493119873724,2.500243784409636,2.727712929853637,2.5453020275446443,2.5247454788966563
14.078693559315813,13.543745684817141,12.995671453344773,13.007394362008567,13.54187140134707,14.084032286214429,13.533240278374857,13.550138123436263,14.5,14.5,14.424590590904733,13.855051228716487,8.024169835005686,7.255183960529184,9.371966251619137,9.83534230999973,2.4089293277261206,2.4809350272086608,2.4513175136804772,2.3066318938432784,2.288826713143786,2.484060990517912,2.2485042087287006,2.2048441777918564,8.812799664891681,8.58201033231879,8.82215445719773,8.471936301935205,8.896957413565138,9.19018154906093,8.811168121658856,9.268111381233442,1.9872868691028363,1.7523467475548025,2.0381727096048983,1.9230257666968633,2.172497129641591,1.876772859649451,1.7332796600796194,1.6758152870124106,3.083723784497532,2.8842449720212637,2.9859671192049215,2.809131494007386,2.824577778401369,3.0074577175650825,2.69647953598178,2.796016787817328
13.124402176238998,12.741140442664365,12.338937126454528,12.337840127445666,12.740848185449867,13.108089548915208,12.720854697561082,12.737135114809801,14.5,14.385831969078353,14.5,14.2259459936647,7.985114916228241,7.909678976068194,9.41085432158945,9.457433023332339,2.247043502971031,2.124212923309844,2.306476851213543,2.0960011599636426,2.1169277245177676,2.2897900558892235,2.111248152769945,2.149888201925376,8.390203871621459,8.709073313844248,8.484635429578523,8.808703041326616,8.755999791017524,8.897028757395596,8.528006086963467,9.299547178101218,2.01768357102036,1.9778815116835367,2.2750072345323646,2.2517175687337634,2.2143934349816745,1.8760336245647342,2.1052728435510657,2.256150098332145,3.2808096118606667,3.3210354843260994,3.130766775770765,2.949029761036529,3.1863149772101758,3.263705447453392,3.0068309397430615,2.7594175791925477
11.96605303189228,11.747900212034594,11.515120859917621,11.514391367494818,11.741253143112685,11.982004728703348,11.740162745896802,11.73324337330271,14.5,14.212947805109614,14.5,13.826155190340906,8.211574594482613,8.05225316921627,9.822226609209302,9.237151285748379,2.069599049891696,2.068447820134525,1.9700274482310074,2.022320651947342,2.056817767486826,2.0659447381922664,2.0179193794919463,1.914236207147112,8.601001362481798,8.563459596658046,8.63659194474686,8.838627697461861,8.692521001459935,8.645629755601068,8.699336985919752,9.176571339793764,2.341794434967233,2.306579058094791,2.253043509598115,2.1444707080823098,2.186824118725265,2.4183946956047455,2.056797363780691,2.4666191872758185,3.2678061399915914,3.476650218456831,3.1388445797439037,3.076395950226287,3.4908943037823805,3.2360360672858257,3.0750449959411164,3.0112796425582946
9.924884662302501,9.92992815836858,10.128844088161882,9.929703427883078,9.929608742762104,10.130761701312963,10.114152066506506,10.128546666069438,14.34301004389605,14.5,14.5,12.708684225540601,8.90859917564834,7.596348607895459,10.642202745643422,7.508526547617719,1.9025360378627645,1.8977702790540234,1.9573854500492953,2.1049874163338913,1.9935802539678864,1.9382003623947133,2.055646311105126,2.112596036693892,7.724643244838502,7.969578428594679,7.959548510437507,7.880538620586789,7.897200067230116,8.29715491166728,7.981259533768411,8.053111022666469,2.88018020664481,2.645893517083192,2.6257047084787457,2.6321686978884182,2.857002266759467,2.8982203415220305,2.530457181882992,2.8653054802811044,3.426105671058441,3.1508584933957344,3.2288841575965104,3.40716161369596,3.395844240542978,3.518829363081025,3.376630854514324,3.3955870827642434
9.475013652651265,9.47608482359094,9.75949130289605,9.472955204469764,9.4759027541766,9.774592502629018,9.757132366116977,9.765082425330984,14.5,14.24079047110103,14.199637851067585,13.83349411436946,8.510832526227688,7.876159074906707,11.594111687677666,8.295677112133562,1.9001198809838544,1.784327362467644,1.7722551318501514,1.781723535531056,1.8521220526751807,1.872304911355935,1.9296867327237663,1.8319760553848583,7.257419457098653,7.761350724187377,7.843232287306906,7.371108473845983,7.359069330904212,7.36019195909318,7.291377816548165,7.675477937572668,2.813276038490764,3.006443249486451,3.1660071956422224,2.8596345753447356,2.8584738841663886,3.1275643992952684,2.999209545205326,2.9864156273515325,3.40094583304753,3.625062470147056,3.357041375350806,3.41983647147325,3.741978124489462,3.4399998822836646,3.6154053593707354,3.5133385009352747
8.837356186444229,8.835294880533207,9.198712291650732,8.853485326412288,8.850141285692091,9.191371293555521,9.206430277500871,9.205870566508995,14.5,14.5,14.305767696922311,13.685407017716205,9.119684854776915,7.624058513287844,11.294490600663652,8.108721388197086,1.5161588494959586,1.6572030693553932,1.520305202106468,1.5073359449501365,1.7602943669307318,1.6748880856163073,1.5612386902409785,1.5430705295003666,6.966524372954286,7.250788321651891,7.036951113578755,7.2475259309276,7.330877047558663,7.130358971972779,7.038018942816277,7.216070032211779,3.0237135455679853,3.0648614067803255,3.4463654181739036,3.3800187247290037,3.3034052971084154,3.2698962167550043,2.927788897607619,3.449683974584235,3.6700521195343696,3.27187392251484,3.572042689295707,3.446892795218224,3.4877462756177295,3.664982832064627,3.3913251110403455,3.406681216378403
8.111175016845124,8.115284007279424,8.53144350728069,8.115734782034602,8.138282562125685,8.536227369470382,8.543421623902182,8.52870194348408,14.5,14.5,14.008746729491804,13.72165086855447,7.453325298514727,7.079355226658982,10.897605449148937,7.280747338740826,1.3700798117005988,1.429419305267758,1.4502568270499583,1.3773067866569284,1.496687221328957,1.533035885289895,1.5267706336351083,1.3912980303423477,6.528143063010682,6.7796191396598395,6.924574973549078,6.8076645606592,7.0264139136401305,6.903669591746581,6.357867402609974,6.6070925693686355,3.640021584940017,4.076111498587896,3.6443678750160373,3.786867107063364,4.02231342786712,3.93127884322437,3.7393342361665236,3.7281415887459484,3.6927866815421933,3.177916519717077,3.6404803613242365,3.5029478196997452,3.6364229175200045,3.4485137814917066,3.601867870626976,3.480066628888374
7.220613677178516,7.214797362282922,7.655504109117229,7.215903325065531,7.21844592245828,7.658076157951018,7.662331463283879,7.65284332090428,14.5,14.459647037340764,14.104189474675833,13.318571407247655,8.655817398769281,6.736766288165539,11.960868298372128,7.997383269338053,1.4741672116515525,1.2777246331075747,1.485672492352251,1.5186046029626399,1.4107145527197735,1.6007433797869477,1.4614463205041304,1.4532020594493134,5.94428512998024,6.383061785484804,6.590729652239437,6.300618199446698,6.52148845609193,6.609526598549227,6.144408586745844,6.330711629672118,4.535211934366161,4.242321061968676,4.274521036546693,4.649239506196911,4.595044014209821,4.351572461458464,3.988325089571585,4.428688340021851,3.2760848393530235,3.4493218411918276,3.3704655921554227,3.340342736591416,3.360551292743555,3.4584187350506865,3.5578153973229463,3.2554584591425932
6.327290835184142,6.313272126500357,6.772464858243395,6.323365497800552,6.33396067207615,6.774887786999042,6.754973378817565,6.765960355127585,14.5,14.041691823517612,13.237004958468205,13.412254599647143,8.310199704272275,6.0129660623529055,12.447684047983996,8.31895963487257,1.3612018998429596,1.3121860820679345,1.3103922267993449,1.3596514656797007,1.4005550964075222,1.4064335129984324,1.5792202086524783,1.3248595536379952,5.892762938363167,6.362285833505314,6.351597571643611,6.0305946786746985,6.335887573898784,6.026507238764247,5.716743607547511,6.169528822209528,4.85876463343245,4.458103702085865,4.56757041165022,4.902086337478526,4.667685749700422,4.1828762450289325,4.197859264168709,4.58500912057723,3.12024906424388,3.1084062378926944,3.3729051171056144,2.961647527837325,3.4469017242820423,3.2253937768791365,3.1615541075139677,3.5496144938881367
5.4171753716253,5.431019384595404,5.783636699951736,5.4283155174881035,5.410351583543365,5.79430683859314,5.803797538192323,5.79550302546301,14.445019394894626,14.037748342037663,12.560889896554567,14.110421599680015,7.923744202597417,5.866468763836816,12.202437413073184,7.693849399372008,1.1435431929833446,1.2139529778008864,1.2976180175091705,1.1884394075916602,1.191309390477234,1.2737111183460315,1.4057109840220379,1.1047109690343888,5.365054248961726,5.818173158456324,5.866237702838271,5.6862013037335455,5.999748291550626,5.652655733388381,5.448891996176462,5.855084254729021,4.479348600797394,4.4881521290448525,4.811481793114359,4.652305152281841,4.597055483293149,4.404913798280759,4.548842099679488,4.53551479954271,2.9964864381767415,2.5291252613168096,2.9879039231386573,2.4040439415993418,2.7804263954853954,2.5506072695562176,2.776916151970585,2.713508375148623
4.514027292122273,4.509203875061148,4.776807011256901,4.5279436027339,4.516572662138272,4.785978239556296,4.78096821200399,4.787923126832741,14.5,14.039311094006043,12.875795884499036,14.467792061892762,7.387835291811589,5.988458795113477,11.585717819938365,8.675972210996619,1.3218073253759832,1.3217627380010084,1.1844923639243112,1.2206002920144905,1.2310717996863205,1.3091426668540669,1.3148836969430784,1.1553194932261293,5.180203931304794,5.28360996493538,5.542712286026218,5.152778369246197,5.6426457887346135,5.2200413462897,5.143941121259997,5.341831250822278,4.046604485345021,4.075391526467567,4.116492343445679,4.455931325854576,4.3830084063727295,3.7513223401370026,4.132682650700925,4.013258583488728,2.3180002471470473,2.187044797394087,2.6718131267816503,2.5718906236011465,2.4197155618653428,2.5196161270757194,2.3039402177677313,2.619392791684711
3.89024053126382,3.867401355341082,4.08807211614837,3.8907881627885645,3.896340830861361,4.070349553282209,4.089687441283995,4.069585610131731,13.842832546793739,13.112956941364173,12.518889394454337,13.549360814680682,7.523356468474578,5.87709322981957,11.288315357532328,8.499005931025028,0.9914204865966437,0.97317033899801,1.01863898975462,1.0660772458751353,1.0630351714973665,1.116694503918858,0.9476344220902698,0.9510955864829453,4.914305298144786,5.40046824770795,4.973905565744744,5.245614642984178,5.331235770669863,5.439940599349856,5.10782342826645,5.418366403027777,3.232711886544835,3.636350886502485,3.6646504103102115,3.6350413947998157,3.587614619306503,3.1372150070061084,3.2096907890065296,3.3555654741861347,1.8441520889560499,1.6134919908263607,1.9171315548149397,1.902955073008937,2.108012733010964,2.1098418835169523,2.050251894472275,1.6758520066116256
1.8184499575858641,1.814565517348141,1.8891022956153392,1.8071958741908893,1.8127968221653459,1.8861882172487328,1.865819065461375,1.8639766007497083,13.636354110145513,13.1254974201603,13.0056099020099,13.128214180393794,8.115536725644086,6.062536285036707,10.581788377836597,8.304905389010283,0.7343411791221889,0.7870783371021737,0.8015721826840407,0.8409615154574728,0.749787131223768,0.8419285408928037,0.7617744878966616,0.745756564950697,4.516936337090514,4.386293238581118,4.666703475311164,4.414916385942283,4.487874973180948,4.72213139532297,4.361088441614157,4.692366541276282,2.793852620350271,2.894522793163876,2.768898611606922,3.034489038669935,2.8729239112057314,2.6380033737925452,2.7761876999757504,2.6870023337802307,1.5504513975689376,1.3480659663316044,1.6852294116695974,1.4478594145059176,1.6496693400706137,1.4595735381514805,1.7507554894791064,1.5001915524900975
1.0756541762289,1.0914757452915265,1.1084022754809306,1.098002002229399,1.0744321682617095,1.1280636497912206,1.1195015395377363,1.1068408757082808,13.29567211791728,11.959972139235242,12.970382229227395,13.006484439326414,8.431486399648241,5.931742818616766,10.970985796541033,7.846592585949462,0.7437350716988602,0.747025261884482,0.8268798566408111,0.9092463018843296,0.8599769063636564,0.9176786841814744,0.7361842348872387,0.7668256072991132,4.26989804464806,4.488255947196412,4.524034571919881,4.494684867488693,4.20156149935467,4.444982925063177,4.397567616043297,4.345809674124834,2.3280430590340746,2.4786861652810845,2.464931012340249,2.3010683770876463,2.5726659667417353,2.225514829137701,2.259681088729469,2.5832325611288764,1.443092232884597,1.3847960553226264,0.9800122775808316,0.9868645789924579,1.2104581061160926,0.9935889669004887,1.3783280700144662,1.1558160689998593
0.3671727979389264,0.35832356199808707,0.3576071947328647,0.3649963304673826,0.35790542462310837,0.37819076204850677,0.36148272402427795,0.3681663235697947,13.435219906616563,11.712370193787331,13.197408209040287,12.96762491273177,7.952878031902625,5.4528714485355305,11.793305963113758,7.173298686515426,1.0491559260939518,1.1123586757842596,1.0228653402546637,0.944965758815396,0.9926193272612575,1.1193761955602004,0.9542942290179329,0.9576904807310218,3.8378244803574324,4.1490562093898955,4.343432449249537,4.053156907987398,4.337951821951721,4.257979430872319,4.091263758473766,4.036020001657436,2.3666567637500826,2.123184223031564,2.136591485348864,2.382514740436698,1.9217852369152213,2.022023877829751,2.061309299451129,2.3210392221153575,1.1123508290712405,1.0224488350417413,0.8888810689336327,1.1714774454371921,1.1089784788602894,0.9989525050579914,1.1987087659913644,1.1075721247941808
0.0,0.0,0.0,0.0,0.0,0.0,0.0,0.0,13.893333635441945,11.320839293253664,12.790688463224722,13.715466793762376,8.04510730706146,5.4094903415982065,12.415720339737161,7.371449369053121,1.1370985406188883,1.2538000981201838,1.119383924365783,1.1966836531175735,1.0925510923800272,1.1376592589089507,1.136025208231873,1.2499367312886205,4.035745208356739,4.378718148314863,4.4141250262882785,4.236429474435627,4.043894614785366,4.308283626647008,4.023378148123336,4.239708506226895,1.333991666739582,1.3046184673833505,1.5207912838268252,1.5297008636797904,1.6824886517598479,1.2857650354482844,1.5579919007699434,1.4782825371882848,0.84411117825495,1.1061520430675782,1.0649888866274093,0.8135953543119622,0.8611641270826158,1.0299009969645911,0.9903230544140232,0.8069755872578226
0.0,0.0,0.0,0.0,0.0,0.0,0.0,0.0,13.558269394440844,11.513674699128721,12.57045183255073,13.827643546297782,8.251106333221502,4.494644690686667,12.553969983479814,6.779558709911143,1.1857263970238632,1.2680631123270596,1.0830564182057991,1.3018067886028943,1.095822497080617,1.2687410822624423,1.2349192562908529,1.0885799603466306,4.172045995392969,4.426600135253533,4.187752871541907,4.249115223650101,4.271794288268526,4.425883854204962,4.050782724175125,4.539566878944135,0.9127280616369009,1.0588940012447634,0.9169642667295204,1.1151910673648484,1.3112412757556766,1.0400687009365088,0.8965724404031868,1.2229959346663493,0.7263062905731361,1.004528044029269,0.849653970011466,0.8433086134994126,0.8192365249671394,0.6577537030054642,1.0143976419620935,1.1359745791134217
0.0,0.0,0.0,0.0,0.0,0.0,0.0,0.0,14.5,11.381475604761867,12.977238416146788,13.37102396056333,8.402318179526583,4.741870253096573,13.338161441580235,7.252132825312713,1.0320158610407884,1.0702108671326613,1.097107533857207,1.0400511265572174,0.9542671331373931,0.8767976823622343,0.9884376524362215,0.9340308956555862,4.217167736733043,4.472776323144611,4.375646163875281,4.457749994756413,4.417599026368032,4.389518948674713,4.181945346922174,4.46571839633447,0.6408269387808792,0.7596947959980793,0.8178396734018435,0.6632183982884102,0.6230396976158319,0.7108708052998188,0.5823873549924661,0.6464288164908552,0.7434160997559145,0.8633116913611387,0.5818478517234325,0.5565006133446382,0.6162950444755362,0.5879711326746089,0.8870856888268458,0.6218196750908254
0.0,0.0,0.0,0.0,0.0,0.0,0.0,0.0,13.58100148719848,10.792152294631046,13.381041303961107,13.199621264594217,8.23480561288766,5.088072440787797,13.010323520101394,8.34527114362854,0.7832513620625503,0.8590726561367794,0.8985811001248475,0.8181441356658441,0.6866164813403783,0.8269166432145326,0.7757423603147963,0.7533466295402969,4.46426776327683,4.333844824255347,4.477429934313292,4.691799394185173,4.72154792878376,4.557640938932596,4.654458768197879,4.251596842113418,0.8390098187577371,0.6576526057108334,0.7421219654427533,0.9690845081002011,0.8925394152089206,0.5517401113234213,0.8438161369311795,1.0488861052646667,0.5831704985702963,0.658185880371136,0.9992615730785688,0.6554167450528983,0.657858700236112,0.7183441580042768,0.846753283991119,0.7433332695665633